Listing Id,Availability
241032.0,94.79452054794521
953595.0,79.72602739726027
3308979.0,60.273972602739725
7421966.0,39.178082191780824
278830.0,100.0
5956968.0,82.73972602739727
1909058.0,94.79452054794521
856550.0,27.397260273972602
4948745.0,93.42465753424658
2493658.0,88.76712328767124
175576.0,41.917808219178085
4454295.0,62.73972602739726
3883392.0,99.17808219178083
8889257.0,92.32876712328768
5680462.0,89.58904109589041
8988178.0,18.904109589041095
3245876.0,99.72602739726028
4933447.0,46.849315068493155
7735464.0,34.24657534246575
6291829.0,98.35616438356163
9218403.0,98.63013698630137
4125779.0,100.0
8942678.0,14.520547945205479
10106055.0,100.0
6362362.0,58.082191780821915
3544550.0,80.27397260273973
9025039.0,13.424657534246576
3200646.0,29.315068493150687
8859380.0,97.53424657534246
4520099.0,83.56164383561644
2481869.0,88.4931506849315
1110749.0,44.38356164383562
5978498.0,58.35616438356165
5021081.0,0.547945205479452
1686930.0,84.65753424657534
7680289.0,96.7123287671233
7207641.0,41.917808219178085
5062445.0,99.45205479452055
8925878.0,96.16438356164385
6389657.0,55.06849315068493
4218733.0,96.16438356164385
2715623.0,84.93150684931507
1392332.0,84.38356164383562
7308567.0,92.87671232876711
6575380.0,78.08219178082192
6004058.0,23.835616438356162
9550869.0,96.98630136986301
8515408.0,24.383561643835616
5383192.0,80.82191780821918
1112092.0,24.383561643835616
7772661.0,38.9041095890411
9254900.0,7.9452054794520555
7714294.0,83.01369863013699
10310373.0,96.16438356164385
9368342.0,58.082191780821915
6361863.0,90.68493150684932
8105221.0,99.72602739726028
3269390.0,87.94520547945206
4566393.0,100.0
9282409.0,67.67123287671232
8095168.0,28.21917808219178
2746782.0,28.21917808219178
6424982.0,94.52054794520548
762029.0,27.945205479452056
8988281.0,13.150684931506849
7077910.0,7.397260273972603
3772674.0,95.06849315068493
7021906.0,47.94520547945205
7618605.0,25.753424657534246
10234558.0,97.26027397260275
7021702.0,45.47945205479452
7680439.0,98.63013698630137
4258515.0,24.383561643835616
1148517.0,24.10958904109589
2487892.0,93.97260273972603
3038772.0,95.34246575342465
699460.0,89.58904109589041
4085439.0,94.52054794520548
8053990.0,96.98630136986301
7011773.0,15.068493150684931
2467550.0,13.150684931506849
2686374.0,96.98630136986301
1956274.0,96.98630136986301
8537192.0,67.67123287671232
5919096.0,58.9041095890411
6516529.0,54.52054794520548
3294243.0,70.68493150684931
10210971.0,99.45205479452055
3584790.0,0.547945205479452
1266459.0,91.78082191780823
9098059.0,4.657534246575342
408526.0,100.0
4118282.0,21.91780821917808
6813483.0,75.34246575342466
6590264.0,15.342465753424658
2650482.0,100.0
20927.0,93.42465753424658
4395578.0,90.68493150684932
4995903.0,16.43835616438356
5549211.0,80.82191780821918
8240758.0,25.753424657534246
6856295.0,99.72602739726028
6881188.0,99.45205479452055
1579615.0,93.15068493150685
3766866.0,24.10958904109589
2406966.0,85.75342465753425
4872699.0,99.72602739726028
5470629.0,64.10958904109589
2950213.0,24.10958904109589
9015088.0,72.87671232876713
3979496.0,100.0
7501919.0,97.80821917808218
4732995.0,24.383561643835616
7134759.0,12.876712328767123
4532538.0,100.0
7534398.0,31.232876712328768
9387189.0,30.684931506849317
6337492.0,40.821917808219176
10231701.0,48.21917808219178
1609922.0,4.383561643835616
4236723.0,99.17808219178083
7843837.0,50.136986301369866
3076065.0,100.0
6423204.0,14.794520547945206
8338849.0,68.21917808219177
6401209.0,42.19178082191781
20928.0,91.5068493150685
3344977.0,45.47945205479452
7604621.0,24.383561643835616
3303978.0,41.0958904109589
7067082.0,94.24657534246576
3121829.0,65.75342465753424
2539881.0,0.547945205479452
3678718.0,97.53424657534246
4694479.0,98.08219178082192
6646843.0,93.15068493150685
1364440.0,100.0
1781873.0,49.04109589041096
4138423.0,96.43835616438356
5562674.0,44.38356164383562
1789341.0,47.671232876712324
4672934.0,96.43835616438356
4550099.0,0.0
1198799.0,92.32876712328768
5308429.0,46.02739726027397
2769088.0,83.83561643835617
7603135.0,39.178082191780824
9374365.0,89.31506849315069
6106498.0,67.67123287671232
9331449.0,89.31506849315069
8799162.0,24.383561643835616
4317390.0,100.0
3884851.0,100.0
3155785.0,34.24657534246575
9368517.0,8.21917808219178
5643240.0,25.47945205479452
5042014.0,84.38356164383562
7724630.0,34.52054794520548
9449437.0,63.561643835616444
3053237.0,99.45205479452055
8132347.0,73.97260273972603
63733.0,44.93150684931507
2039149.0,33.97260273972603
227636.0,87.67123287671232
3689119.0,100.0
1179538.0,89.31506849315069
6823781.0,88.76712328767124
2284536.0,95.34246575342465
5143441.0,94.52054794520548
5749958.0,16.43835616438356
9116815.0,92.32876712328768
7731836.0,15.342465753424658
10262971.0,100.0
1407502.0,100.0
8817038.0,31.232876712328768
4449303.0,23.28767123287671
8255615.0,47.671232876712324
4053092.0,93.69863013698631
6886633.0,98.9041095890411
8820414.0,67.67123287671232
3052151.0,98.63013698630137
2339333.0,35.89041095890411
1618842.0,85.75342465753425
888967.0,49.04109589041096
380950.0,56.16438356164384
8097708.0,100.0
5671843.0,98.08219178082192
904057.0,70.68493150684931
7161725.0,84.65753424657534
9587410.0,98.9041095890411
9202380.0,98.08219178082192
2238105.0,56.43835616438356
9545766.0,100.0
2441908.0,79.17808219178082
9367465.0,82.1917808219178
3031415.0,5.7534246575342465
843812.0,1.36986301369863
3835995.0,96.7123287671233
9732638.0,84.38356164383562
3768745.0,98.9041095890411
3975434.0,24.383561643835616
5620928.0,100.0
7381677.0,27.945205479452056
5487934.0,78.63013698630137
9028447.0,100.0
757840.0,83.01369863013699
8848403.0,100.0
7430926.0,85.2054794520548
7021544.0,30.684931506849317
1323446.0,89.31506849315069
3925573.0,0.547945205479452
8723086.0,55.06849315068493
781474.0,24.383561643835616
9812439.0,21.095890410958905
3401644.0,5.47945205479452
10036903.0,30.41095890410959
5310193.0,35.06849315068493
5308875.0,87.67123287671232
5052459.0,43.013698630136986
7228499.0,41.64383561643836
7651653.0,35.89041095890411
1494986.0,88.76712328767124
1783382.0,96.43835616438356
7513198.0,38.082191780821915
8308316.0,80.54794520547945
9694921.0,12.876712328767123
2472850.0,100.0
5487522.0,24.383561643835616
4016650.0,24.10958904109589
10229434.0,99.17808219178083
3479241.0,86.84931506849315
5848400.0,82.46575342465754
6077760.0,98.35616438356163
4642956.0,100.0
1167507.0,92.05479452054794
6044106.0,23.013698630136986
1799255.0,99.17808219178083
8941768.0,95.34246575342465
6569950.0,53.6986301369863
7733192.0,98.35616438356163
9215782.0,0.821917808219178
5175631.0,95.06849315068493
6315614.0,59.178082191780824
9134193.0,11.78082191780822
2481189.0,90.95890410958904
8535897.0,44.38356164383562
9476826.0,100.0
3144311.0,84.10958904109589
9370007.0,84.65753424657534
6781308.0,15.616438356164384
160222.0,73.97260273972603
4250367.0,100.0
8755479.0,98.63013698630137
8829156.0,22.465753424657535
5126077.0,100.0
6108796.0,23.28767123287671
2692126.0,25.47945205479452
6882211.0,33.97260273972603
9573675.0,100.0
3544953.0,100.0
2020505.0,42.73972602739726
5580457.0,49.04109589041096
1495271.0,1.36986301369863
8455865.0,63.83561643835617
9679300.0,99.17808219178083
6065566.0,64.10958904109589
4645208.0,98.63013698630137
6115807.0,43.83561643835616
7091397.0,99.72602739726028
6134153.0,43.56164383561644
7763878.0,100.0
8088447.0,25.47945205479452
3418349.0,27.945205479452056
9199982.0,48.49315068493151
6400000.0,42.465753424657535
6776229.0,16.986301369863014
7627794.0,18.63013698630137
8374102.0,93.69863013698631
6316934.0,12.054794520547945
1820794.0,63.287671232876704
314180.0,36.16438356164384
8670079.0,18.904109589041095
4868135.0,99.72602739726028
5336585.0,82.1917808219178
1427103.0,93.42465753424658
3518808.0,93.97260273972603
8995844.0,12.602739726027398
356566.0,95.06849315068493
6466388.0,75.89041095890411
4531944.0,93.69863013698631
6686072.0,69.58904109589041
4384343.0,92.32876712328768
7900056.0,98.35616438356163
6378563.0,71.78082191780823
5630783.0,43.013698630136986
340706.0,41.917808219178085
6202214.0,41.64383561643836
1030411.0,0.0
7922373.0,49.04109589041096
6156470.0,99.17808219178083
2994309.0,94.24657534246576
1594328.0,23.013698630136986
8072920.0,35.61643835616438
6915487.0,83.28767123287672
6202603.0,100.0
5286781.0,23.56164383561644
2818420.0,100.0
3739681.0,75.34246575342466
7922063.0,24.383561643835616
611509.0,59.178082191780824
1802663.0,93.97260273972603
9797545.0,84.93150684931507
9241055.0,9.58904109589041
9294832.0,96.16438356164385
8643209.0,100.0
7258811.0,100.0
10265391.0,99.17808219178083
132120.0,100.0
6343866.0,99.45205479452055
3066740.0,90.68493150684932
4130112.0,46.57534246575342
4026757.0,100.0
9545281.0,5.47945205479452
3294804.0,96.7123287671233
4122325.0,0.0
8308353.0,16.71232876712329
7226013.0,98.63013698630137
5761290.0,99.72602739726028
182716.0,17.26027397260274
3050140.0,71.78082191780823
3254956.0,100.0
1264287.0,80.27397260273973
3404557.0,99.72602739726028
3939683.0,99.72602739726028
3424242.0,100.0
7985714.0,100.0
4279876.0,30.41095890410959
3870253.0,48.76712328767123
2187563.0,100.0
3889299.0,100.0
3889330.0,99.72602739726028
1184846.0,98.9041095890411
3626162.0,73.97260273972603
456040.0,95.06849315068493
9033154.0,13.150684931506849
4340838.0,97.80821917808218
808811.0,100.0
7368030.0,40.0
522287.0,23.56164383561644
1940787.0,46.3013698630137
3732103.0,100.0
43373.0,92.6027397260274
5126365.0,100.0
7182584.0,68.76712328767123
5325214.0,97.53424657534246
2710274.0,23.28767123287671
5128160.0,38.35616438356164
3424114.0,99.72602739726028
2776890.0,40.0
4521755.0,98.9041095890411
3456599.0,96.7123287671233
8207848.0,100.0
10249527.0,1.9178082191780823
1252740.0,92.05479452054794
4250938.0,98.9041095890411
3791920.0,95.34246575342465
4258762.0,100.0
7364146.0,92.32876712328768
6765045.0,0.0
3193738.0,75.89041095890411
8765219.0,98.63013698630137
8174285.0,92.32876712328768
3403638.0,99.72602739726028
7601333.0,33.15068493150685
6707735.0,73.15068493150685
7322718.0,24.383561643835616
3783162.0,0.0
6606.0,100.0
3889280.0,100.0
3971137.0,99.72602739726028
3889050.0,99.72602739726028
799882.0,58.082191780821915
9508386.0,96.98630136986301
6714817.0,50.95890410958904
3773700.0,0.0
3773568.0,100.0
9313974.0,23.28767123287671
6492880.0,75.34246575342466
4879013.0,31.780821917808222
3732094.0,100.0
873073.0,5.7534246575342465
234898.0,18.08219178082192
8533375.0,99.72602739726028
6854019.0,48.21917808219178
8418650.0,64.38356164383562
3732076.0,99.72602739726028
4608592.0,93.97260273972603
4862719.0,99.45205479452055
668169.0,9.04109589041096
429453.0,92.32876712328768
10124808.0,92.87671232876711
7459684.0,85.75342465753425
5992645.0,91.5068493150685
7917718.0,52.32876712328767
2986056.0,99.72602739726028
2011193.0,42.19178082191781
3768626.0,99.45205479452055
2026794.0,23.28767123287671
9154294.0,96.16438356164385
430610.0,98.35616438356163
3231850.0,89.86301369863014
2976798.0,91.23287671232877
703058.0,52.87671232876713
7826541.0,32.602739726027394
240920.0,84.38356164383562
6655233.0,33.15068493150685
9866461.0,15.616438356164384
7957729.0,27.945205479452056
1428687.0,97.26027397260275
4803403.0,92.6027397260274
11012.0,100.0
3888924.0,99.72602739726028
8842808.0,100.0
1114695.0,97.26027397260275
1715582.0,25.753424657534246
6704734.0,75.89041095890411
8555098.0,100.0
1214316.0,84.93150684931507
7325455.0,98.63013698630137
6325685.0,70.95890410958904
9596.0,99.45205479452055
9568491.0,97.53424657534246
1747184.0,33.15068493150685
8653843.0,100.0
6727729.0,52.054794520547944
3888986.0,100.0
4135710.0,38.35616438356164
3652434.0,98.35616438356163
7667990.0,31.780821917808222
4047058.0,92.87671232876711
7163934.0,22.73972602739726
7717478.0,54.24657534246575
4653552.0,20.82191780821918
6915439.0,5.205479452054795
506542.0,95.61643835616438
4046863.0,95.8904109589041
3915826.0,33.97260273972603
4787415.0,99.72602739726028
1602488.0,100.0
8459215.0,100.0
10274175.0,94.52054794520548
9167786.0,99.45205479452055
5686435.0,48.76712328767123
7939058.0,100.0
8392801.0,93.42465753424658
7404370.0,39.45205479452055
3720511.0,100.0
8193332.0,34.52054794520548
7957904.0,30.41095890410959
4555997.0,43.56164383561644
2267088.0,77.53424657534246
108468.0,100.0
6400379.0,94.52054794520548
5948003.0,23.013698630136986
5058086.0,96.98630136986301
1209255.0,71.23287671232876
1914051.0,84.65753424657534
2923529.0,93.69863013698631
1027860.0,84.38356164383562
2373176.0,92.05479452054794
6404427.0,46.57534246575342
8517602.0,90.13698630136986
7035240.0,45.20547945205479
4583161.0,98.63013698630137
7967844.0,26.027397260273972
6562393.0,53.6986301369863
7807087.0,73.6986301369863
5405643.0,85.75342465753425
7011200.0,96.98630136986301
610989.0,0.547945205479452
7839535.0,38.63013698630137
4814894.0,35.06849315068493
186328.0,90.68493150684932
7492877.0,96.43835616438356
6576228.0,17.26027397260274
241016.0,96.98630136986301
6968101.0,51.23287671232877
5648564.0,92.32876712328768
4116645.0,91.5068493150685
2419879.0,90.68493150684932
6425735.0,51.78082191780822
8105351.0,30.958904109589042
9136499.0,11.506849315068493
3639023.0,100.0
6724599.0,17.26027397260274
4211629.0,31.780821917808222
7151924.0,98.35616438356163
704764.0,45.47945205479452
1796217.0,55.342465753424655
4661812.0,97.26027397260275
8811945.0,0.0
1090307.0,92.32876712328768
15108.0,83.83561643835617
1882316.0,78.35616438356165
1095207.0,42.465753424657535
1343805.0,41.917808219178085
9217150.0,87.94520547945206
103920.0,100.0
2215336.0,98.9041095890411
1483944.0,75.89041095890411
6466129.0,69.31506849315069
8536441.0,15.068493150684931
6262987.0,33.15068493150685
8379081.0,62.465753424657535
8365938.0,100.0
9921445.0,100.0
132160.0,49.04109589041096
2033191.0,94.79452054794521
8849407.0,100.0
9922335.0,99.17808219178083
7243974.0,41.917808219178085
6490453.0,100.0
4025593.0,38.9041095890411
8556103.0,73.6986301369863
955506.0,100.0
9868607.0,0.273972602739726
8668073.0,100.0
790860.0,92.6027397260274
261912.0,4.931506849315069
368403.0,91.78082191780823
9878971.0,6.8493150684931505
5602370.0,87.12328767123287
9395217.0,84.65753424657534
7331079.0,40.54794520547945
580182.0,64.65753424657534
8152191.0,93.15068493150685
103908.0,100.0
783061.0,67.12328767123287
7901725.0,31.232876712328768
4968752.0,24.93150684931507
14386.0,86.57534246575342
7517215.0,100.0
1602421.0,33.97260273972603
3821822.0,98.63013698630137
6073437.0,67.67123287671232
7917700.0,100.0
6278181.0,33.15068493150685
4279578.0,40.821917808219176
9907337.0,100.0
1796861.0,84.38356164383562
4211836.0,0.0
4025954.0,96.43835616438356
6154478.0,99.45205479452055
84030.0,100.0
4235559.0,7.397260273972603
830948.0,100.0
3468261.0,24.93150684931507
10026648.0,3.5616438356164384
9117633.0,10.136986301369863
9158383.0,11.232876712328768
1145590.0,100.0
5020848.0,100.0
9600159.0,4.383561643835616
3522409.0,92.6027397260274
9492873.0,95.34246575342465
5534463.0,99.45205479452055
9409233.0,100.0
9531265.0,100.0
5364609.0,2.73972602739726
6629132.0,100.0
5489676.0,0.0
9347157.0,94.52054794520548
10035644.0,76.16438356164383
8293287.0,24.383561643835616
910784.0,94.79452054794521
7071222.0,24.65753424657534
8687716.0,99.17808219178083
7430679.0,66.84931506849315
180939.0,100.0
6884604.0,82.73972602739727
7397476.0,100.0
1063855.0,100.0
8865006.0,21.095890410958905
8069192.0,92.6027397260274
2800448.0,19.45205479452055
9076287.0,100.0
7462439.0,100.0
8225635.0,100.0
2966415.0,99.17808219178083
4639465.0,97.80821917808218
7402190.0,100.0
9448719.0,100.0
5670781.0,60.82191780821918
1905473.0,90.68493150684932
7266662.0,99.72602739726028
9095510.0,100.0
7401854.0,39.726027397260275
5174876.0,95.61643835616438
1256883.0,77.26027397260275
8072850.0,27.671232876712327
6706377.0,0.0
9738522.0,98.08219178082192
2995996.0,80.27397260273973
6674408.0,30.41095890410959
6801095.0,100.0
143704.0,95.06849315068493
9258305.0,49.04109589041096
3727017.0,40.821917808219176
789966.0,100.0
6864319.0,48.21917808219178
1539463.0,100.0
9591787.0,98.9041095890411
10279830.0,92.32876712328768
1956553.0,47.94520547945205
7396508.0,100.0
6272065.0,60.0
7072218.0,18.08219178082192
7075948.0,100.0
7543458.0,32.32876712328767
3769336.0,45.20547945205479
8666707.0,25.205479452054796
7205443.0,69.86301369863014
193371.0,12.602739726027398
9957555.0,22.73972602739726
6795678.0,36.71232876712329
9300972.0,9.04109589041096
8047522.0,100.0
9457328.0,94.79452054794521
6576006.0,83.01369863013699
7971334.0,100.0
1984962.0,100.0
9292039.0,100.0
6661617.0,66.3013698630137
8848854.0,18.356164383561644
3251069.0,100.0
4111137.0,93.69863013698631
4760472.0,91.78082191780823
8968925.0,100.0
3293438.0,35.89041095890411
9210978.0,10.136986301369863
3319386.0,100.0
7717813.0,98.08219178082192
5578943.0,39.178082191780824
7660932.0,67.67123287671232
4271221.0,98.63013698630137
6358605.0,90.68493150684932
1439237.0,94.24657534246576
7775167.0,75.06849315068493
7437784.0,0.0
9628972.0,20.0
8425013.0,90.95890410958904
6925807.0,100.0
7400955.0,40.821917808219176
8174389.0,26.84931506849315
6292452.0,5.205479452054795
9095668.0,0.0
413733.0,100.0
8783900.0,29.041095890410958
639130.0,88.21917808219179
2484067.0,100.0
3533112.0,0.0
2249292.0,46.57534246575342
7838294.0,32.602739726027394
6133354.0,99.45205479452055
7987836.0,100.0
9910025.0,94.24657534246576
7364024.0,94.52054794520548
9362082.0,11.78082191780822
8847108.0,94.24657534246576
7462428.0,24.383561643835616
4370312.0,14.794520547945206
4053972.0,46.02739726027397
6209191.0,24.383561643835616
10123910.0,100.0
6412858.0,7.9452054794520555
3987838.0,21.095890410958905
7027507.0,7.123287671232877
6587443.0,17.534246575342465
10204689.0,6.027397260273973
1029680.0,63.287671232876704
7208439.0,96.98630136986301
8327765.0,99.72602739726028
3953611.0,43.83561643835616
2584354.0,83.01369863013699
4574700.0,56.71232876712329
5685646.0,95.06849315068493
977722.0,28.767123287671232
2931922.0,100.0
8253955.0,100.0
6426462.0,75.89041095890411
8154238.0,100.0
5020861.0,94.24657534246576
9611409.0,24.10958904109589
9282348.0,9.315068493150685
8939306.0,98.08219178082192
5423692.0,100.0
9159975.0,100.0
7561272.0,57.26027397260274
7326419.0,96.43835616438356
9373607.0,21.643835616438356
6717555.0,50.68493150684932
8939433.0,91.5068493150685
8939503.0,90.68493150684932
8742753.0,100.0
8939687.0,92.6027397260274
3793406.0,0.0
9134196.0,44.657534246575345
6007267.0,0.547945205479452
3422894.0,0.547945205479452
3630581.0,95.61643835616438
9394508.0,96.43835616438356
7348578.0,22.465753424657535
8869680.0,86.3013698630137
7678429.0,35.342465753424655
2979387.0,100.0
1531458.0,96.7123287671233
1549973.0,100.0
1123977.0,100.0
5719631.0,100.0
9580209.0,100.0
9364220.0,99.17808219178083
9663221.0,100.0
9636952.0,100.0
8594059.0,95.06849315068493
6278756.0,55.89041095890411
3679617.0,100.0
9416551.0,93.15068493150685
8322107.0,24.65753424657534
9511676.0,26.84931506849315
3158243.0,60.54794520547945
8327124.0,90.68493150684932
4311078.0,90.13698630136986
3329962.0,100.0
3263071.0,100.0
7302675.0,41.0958904109589
6250399.0,49.04109589041096
7387294.0,87.67123287671232
7363462.0,24.10958904109589
6796336.0,49.31506849315068
8156894.0,100.0
1150519.0,92.6027397260274
5969872.0,92.05479452054794
9617068.0,100.0
4438188.0,32.32876712328767
1521633.0,100.0
6623079.0,52.602739726027394
7561254.0,47.397260273972606
3494608.0,39.178082191780824
3085726.0,100.0
2256124.0,46.02739726027397
7071021.0,100.0
9465815.0,12.32876712328767
6938103.0,86.84931506849315
6913414.0,64.65753424657534
3706719.0,100.0
8174626.0,98.9041095890411
1571230.0,100.0
4270642.0,100.0
5407311.0,62.465753424657535
9976135.0,2.73972602739726
9558353.0,15.616438356164384
7247767.0,98.9041095890411
7035077.0,100.0
7353834.0,40.0
9319891.0,76.16438356164383
6575407.0,100.0
7550234.0,23.56164383561644
8939736.0,88.76712328767124
7247720.0,99.45205479452055
1786923.0,95.61643835616438
7649837.0,23.013698630136986
3610724.0,98.9041095890411
7988337.0,97.80821917808218
1773803.0,99.17808219178083
7536074.0,100.0
3770248.0,100.0
9097754.0,24.383561643835616
3291295.0,24.10958904109589
8171726.0,0.0
10031055.0,22.465753424657535
8939595.0,97.53424657534246
8155580.0,100.0
6705584.0,100.0
1417880.0,100.0
7245692.0,97.53424657534246
7153101.0,91.78082191780823
9014572.0,100.0
585418.0,46.849315068493155
4484426.0,100.0
3291777.0,100.0
3096191.0,100.0
9865846.0,99.72602739726028
6249536.0,100.0
5744931.0,100.0
8156764.0,92.6027397260274
3303857.0,100.0
8155710.0,100.0
3843706.0,84.65753424657534
8156860.0,100.0
9316399.0,24.383561643835616
293890.0,58.63013698630137
7915432.0,100.0
7501583.0,38.082191780821915
10126050.0,7.671232876712329
7807658.0,100.0
1589461.0,100.0
9303530.0,100.0
7809718.0,86.84931506849315
140331.0,98.9041095890411
9462315.0,100.0
565703.0,91.5068493150685
1147349.0,90.68493150684932
7262358.0,92.6027397260274
723723.0,100.0
4757025.0,41.0958904109589
3334052.0,96.7123287671233
7036707.0,83.01369863013699
5272327.0,43.013698630136986
3921664.0,23.835616438356162
9974658.0,16.164383561643834
2727984.0,59.178082191780824
794633.0,92.32876712328768
3959442.0,96.16438356164385
6761267.0,88.21917808219179
6824408.0,0.0
2526129.0,23.28767123287671
7859906.0,18.63013698630137
9636248.0,98.35616438356163
4623541.0,42.73972602739726
1970725.0,100.0
4418480.0,100.0
911001.0,64.38356164383562
6670332.0,90.68493150684932
1249060.0,20.54794520547945
1566487.0,98.9041095890411
9711153.0,30.136986301369863
444221.0,37.534246575342465
1018204.0,52.602739726027394
4856986.0,36.986301369863014
2130652.0,82.73972602739727
5524530.0,90.95890410958904
9216874.0,13.150684931506849
7971395.0,98.35616438356163
2593263.0,98.08219178082192
443580.0,65.75342465753424
1614502.0,100.0
4477426.0,100.0
7648716.0,35.89041095890411
9696912.0,24.383561643835616
3585592.0,50.41095890410959
3757858.0,98.63013698630137
7219838.0,24.383561643835616
6022715.0,65.20547945205479
7685745.0,99.17808219178083
4565370.0,92.6027397260274
4783817.0,24.383561643835616
2593176.0,96.43835616438356
3143227.0,95.34246575342465
1214306.0,94.79452054794521
9448215.0,100.0
9369481.0,100.0
3533224.0,96.16438356164385
443736.0,67.12328767123287
6675927.0,45.20547945205479
1772119.0,93.69863013698631
7808495.0,32.87671232876712
4539948.0,3.8356164383561646
7768727.0,98.9041095890411
769213.0,92.05479452054794
5328449.0,90.95890410958904
1763809.0,92.32876712328768
1499596.0,2.4657534246575343
4737727.0,0.0
8242212.0,100.0
8186781.0,38.9041095890411
7229015.0,99.45205479452055
5814207.0,70.13698630136986
2274086.0,100.0
4387985.0,64.38356164383562
9909445.0,22.465753424657535
7664899.0,100.0
4773614.0,81.0958904109589
3946674.0,98.9041095890411
8616488.0,21.095890410958905
7518316.0,90.13698630136986
5259194.0,32.87671232876712
9256702.0,93.42465753424658
9240289.0,9.863013698630137
2032805.0,93.15068493150685
3751503.0,100.0
7581974.0,0.0
6558980.0,49.04109589041096
2399736.0,76.16438356164383
8674765.0,91.5068493150685
6004165.0,68.21917808219177
1826155.0,93.97260273972603
4857192.0,36.986301369863014
7748905.0,87.94520547945206
973859.0,100.0
6716380.0,50.68493150684932
7953211.0,97.80821917808218
5241773.0,27.123287671232877
3144597.0,45.75342465753425
7698916.0,34.794520547945204
7305969.0,100.0
5069495.0,87.3972602739726
1817878.0,73.6986301369863
4430381.0,91.78082191780823
6528192.0,12.054794520547945
3177005.0,85.2054794520548
4430233.0,93.15068493150685
670009.0,100.0
4577542.0,91.5068493150685
6764646.0,69.86301369863014
4256705.0,96.43835616438356
8812578.0,67.67123287671232
341454.0,87.12328767123287
8195629.0,28.21917808219178
2577625.0,82.1917808219178
555858.0,100.0
4814811.0,25.205479452054796
9484823.0,100.0
660603.0,91.23287671232877
3940265.0,96.98630136986301
7500976.0,67.67123287671232
9516608.0,10.136986301369863
9712716.0,100.0
5813657.0,25.753424657534246
8884826.0,95.61643835616438
1978743.0,93.15068493150685
6091789.0,0.0
6165353.0,100.0
1244053.0,24.383561643835616
8508223.0,100.0
6991188.0,84.93150684931507
7344117.0,51.50684931506849
9506766.0,97.80821917808218
6451305.0,87.12328767123287
7531405.0,37.80821917808219
9612147.0,16.164383561643834
666897.0,92.32876712328768
4061051.0,99.45205479452055
3394338.0,100.0
4238106.0,6.575342465753424
7350059.0,96.16438356164385
5262750.0,68.76712328767123
2802844.0,89.86301369863014
3123632.0,90.68493150684932
3024336.0,100.0
8652185.0,16.986301369863014
10192213.0,100.0
3970736.0,95.8904109589041
4546924.0,63.287671232876704
2760901.0,100.0
3490239.0,98.35616438356163
3416217.0,100.0
5537833.0,100.0
8372562.0,20.54794520547945
8866960.0,16.986301369863014
3354614.0,100.0
8953857.0,75.89041095890411
7093738.0,5.47945205479452
5277900.0,30.136986301369863
1171574.0,76.71232876712328
1818754.0,22.73972602739726
74328.0,100.0
6728017.0,50.68493150684932
2612399.0,80.0
2515795.0,100.0
7093910.0,5.47945205479452
4170863.0,90.41095890410958
7941079.0,100.0
1442973.0,58.9041095890411
4396961.0,100.0
5859152.0,100.0
8555794.0,100.0
2112625.0,80.0
8814802.0,100.0
8273948.0,46.3013698630137
319768.0,26.301369863013697
1961671.0,0.0
3691288.0,78.9041095890411
8703557.0,100.0
8525338.0,92.32876712328768
8049470.0,29.041095890410958
1455908.0,94.52054794520548
8525825.0,100.0
3463245.0,65.75342465753424
4172364.0,100.0
3728802.0,0.0
6512378.0,93.42465753424658
785830.0,19.726027397260275
8616606.0,95.06849315068493
5078244.0,97.53424657534246
7921278.0,96.43835616438356
8016610.0,62.73972602739726
4468524.0,96.7123287671233
8424532.0,80.0
6990882.0,82.73972602739727
4017140.0,12.876712328767123
9489310.0,100.0
8104742.0,95.8904109589041
9407255.0,45.47945205479452
6475289.0,68.4931506849315
1377812.0,100.0
9512909.0,60.273972602739725
4432489.0,98.35616438356163
7471629.0,23.835616438356162
8067827.0,100.0
4384095.0,100.0
1351716.0,72.87671232876713
8392661.0,6.027397260273973
281208.0,73.6986301369863
7859909.0,100.0
9416373.0,100.0
1404307.0,100.0
7480843.0,100.0
877203.0,92.6027397260274
7037291.0,28.493150684931507
7931386.0,99.45205479452055
8173825.0,26.84931506849315
6759104.0,23.28767123287671
7619060.0,46.02739726027397
7095802.0,98.35616438356163
8103432.0,100.0
3998922.0,44.109589041095894
8922153.0,15.068493150684931
5932882.0,24.10958904109589
6187340.0,0.821917808219178
8350401.0,100.0
1273432.0,90.68493150684932
2830174.0,92.32876712328768
9370866.0,68.4931506849315
8339303.0,92.05479452054794
8107555.0,26.027397260273972
3946160.0,44.657534246575345
4061207.0,15.890410958904111
113951.0,92.32876712328768
5102135.0,88.76712328767124
5060388.0,55.61643835616439
286712.0,100.0
5463875.0,53.15068493150685
4316910.0,100.0
7093986.0,5.47945205479452
4777832.0,41.64383561643836
7429207.0,38.9041095890411
7664565.0,36.16438356164384
5792683.0,100.0
1856970.0,99.17808219178083
4084712.0,8.21917808219178
6411986.0,99.45205479452055
9258687.0,9.315068493150685
9426058.0,7.123287671232877
9736801.0,100.0
4297068.0,0.0
8221520.0,16.986301369863014
2387605.0,46.849315068493155
8389809.0,100.0
7048843.0,21.643835616438356
879181.0,92.05479452054794
6423488.0,92.32876712328768
7241905.0,42.19178082191781
1246809.0,100.0
10273158.0,96.43835616438356
5615620.0,60.0
936484.0,98.9041095890411
5415077.0,21.91780821917808
938785.0,98.35616438356163
934216.0,99.17808219178083
6119821.0,93.69863013698631
3385421.0,99.72602739726028
5981343.0,92.05479452054794
9706229.0,96.98630136986301
8212989.0,23.013698630136986
9444769.0,88.76712328767124
5422159.0,95.8904109589041
9532861.0,7.397260273972603
3380159.0,40.54794520547945
9294683.0,21.095890410958905
8253456.0,42.19178082191781
944237.0,86.02739726027397
4165387.0,21.643835616438356
9866984.0,78.9041095890411
7179337.0,85.47945205479452
9768655.0,98.63013698630137
8015531.0,19.17808219178082
991961.0,38.082191780821915
4597584.0,100.0
8035212.0,50.68493150684932
8053396.0,18.356164383561644
9634448.0,98.08219178082192
2516391.0,96.16438356164385
7581631.0,88.4931506849315
7067650.0,33.15068493150685
706385.0,42.465753424657535
6005443.0,83.01369863013699
6883913.0,90.68493150684932
6523393.0,97.53424657534246
7922676.0,0.0
6766513.0,44.38356164383562
682135.0,83.83561643835617
4678866.0,100.0
708774.0,90.41095890410958
3158210.0,99.72602739726028
1494828.0,90.68493150684932
7291403.0,67.67123287671232
7075357.0,34.24657534246575
8000037.0,29.863013698630137
1652097.0,98.35616438356163
4660460.0,86.02739726027397
1944596.0,69.86301369863014
5593504.0,24.383561643835616
7999692.0,29.863013698630137
619366.0,27.945205479452056
7999972.0,29.863013698630137
3379116.0,81.36986301369863
10272763.0,100.0
10077121.0,97.80821917808218
7536219.0,23.013698630136986
4688603.0,0.0
7936877.0,30.958904109589042
3627658.0,90.68493150684932
6363779.0,57.80821917808219
2693137.0,100.0
7697340.0,56.16438356164384
5707514.0,100.0
7844444.0,32.32876712328767
7481498.0,24.383561643835616
535300.0,98.9041095890411
68508.0,84.38356164383562
8294379.0,20.82191780821918
9137487.0,11.506849315068493
4481979.0,87.94520547945206
5353512.0,91.78082191780823
244499.0,92.87671232876711
3316219.0,43.83561643835616
6613601.0,39.45205479452055
7833113.0,32.602739726027394
7439802.0,65.75342465753424
10135378.0,3.5616438356164384
9330174.0,3.8356164383561646
9597415.0,4.383561643835616
8831088.0,16.164383561643834
7401671.0,100.0
5330475.0,92.6027397260274
8067001.0,28.767123287671232
8829089.0,100.0
8814555.0,16.71232876712329
6852288.0,24.383561643835616
6913706.0,48.76712328767123
2387265.0,24.383561643835616
48319.0,33.42465753424658
9885225.0,34.52054794520548
8083242.0,100.0
8704964.0,100.0
6990477.0,31.506849315068493
117862.0,83.56164383561644
7777219.0,47.671232876712324
7203765.0,40.54794520547945
7840228.0,33.15068493150685
7438635.0,82.73972602739727
9389755.0,17.26027397260274
9151865.0,18.08219178082192
7204672.0,41.64383561643836
5579427.0,24.383561643835616
6734621.0,96.43835616438356
2263643.0,87.67123287671232
4608208.0,99.72602739726028
9999955.0,95.8904109589041
3528627.0,100.0
8048333.0,92.32876712328768
8050642.0,88.76712328767124
7329805.0,76.43835616438356
6848455.0,99.45205479452055
9695233.0,100.0
5164581.0,11.78082191780822
2208757.0,2.73972602739726
226536.0,75.89041095890411
176678.0,100.0
7050534.0,42.73972602739726
8248970.0,100.0
4824699.0,100.0
3876097.0,97.80821917808218
1260259.0,100.0
8443952.0,24.383561643835616
10068879.0,100.0
8173487.0,100.0
685600.0,100.0
8483477.0,100.0
10136155.0,12.32876712328767
6959336.0,24.383561643835616
5195064.0,17.26027397260274
9961538.0,13.972602739726028
8301680.0,22.465753424657535
492287.0,100.0
8029177.0,96.16438356164385
7343707.0,95.06849315068493
8882345.0,78.63013698630137
7676574.0,100.0
3354761.0,49.04109589041096
3561237.0,100.0
1831338.0,100.0
1840671.0,100.0
5559643.0,100.0
8327083.0,90.68493150684932
8087037.0,100.0
1696015.0,79.45205479452055
6855839.0,25.47945205479452
3345341.0,0.0
4410493.0,98.08219178082192
19619.0,37.534246575342465
7597244.0,88.21917808219179
5736082.0,84.38356164383562
3697351.0,90.41095890410958
6958436.0,24.383561643835616
9652574.0,12.602739726027398
7109376.0,95.8904109589041
3534364.0,8.21917808219178
6671901.0,95.06849315068493
6370313.0,24.383561643835616
9863484.0,16.71232876712329
7249631.0,47.397260273972606
9183838.0,15.616438356164384
6222245.0,89.86301369863014
10292753.0,41.64383561643836
7760836.0,22.465753424657535
7324993.0,48.76712328767123
5760902.0,61.64383561643836
7035498.0,54.52054794520548
8956631.0,25.205479452054796
6766708.0,100.0
6992696.0,45.75342465753425
4264043.0,79.45205479452055
6186081.0,5.7534246575342465
1472532.0,89.58904109589041
5900224.0,18.08219178082192
9374358.0,91.23287671232877
5874421.0,33.15068493150685
8829474.0,70.41095890410959
6228474.0,42.73972602739726
4637670.0,92.32876712328768
3995007.0,10.136986301369863
19611.0,41.369863013698634
10076279.0,3.0136986301369864
1200829.0,46.849315068493155
3673759.0,99.45205479452055
206781.0,94.79452054794521
988176.0,51.78082191780822
3686556.0,92.87671232876711
2881446.0,61.917808219178085
9318853.0,8.767123287671232
6328150.0,47.397260273972606
2154617.0,93.15068493150685
6658052.0,7.9452054794520555
6187841.0,100.0
9371895.0,0.547945205479452
4318031.0,20.0
6364549.0,86.02739726027397
8326940.0,99.72602739726028
7826593.0,100.0
8168476.0,88.4931506849315
6482984.0,100.0
6316917.0,91.5068493150685
7922581.0,47.12328767123288
4110396.0,100.0
5446176.0,98.35616438356163
4669377.0,100.0
4151430.0,95.61643835616438
5446513.0,98.9041095890411
3793185.0,100.0
937370.0,98.9041095890411
1833250.0,91.78082191780823
902243.0,96.7123287671233
4053644.0,0.0
1084046.0,97.80821917808218
8016481.0,29.315068493150687
8811781.0,95.8904109589041
4243163.0,78.9041095890411
4569115.0,41.369863013698634
4464824.0,99.17808219178083
9258513.0,92.05479452054794
4190771.0,95.61643835616438
3543084.0,40.821917808219176
6263270.0,79.72602739726027
7807169.0,98.9041095890411
844939.0,92.05479452054794
8890682.0,96.7123287671233
3998984.0,15.068493150684931
6315435.0,42.73972602739726
6704004.0,44.657534246575345
1797207.0,40.821917808219176
271509.0,47.12328767123288
10156116.0,100.0
4410789.0,99.72602739726028
9577993.0,4.657534246575342
9352620.0,50.95890410958904
9532957.0,5.47945205479452
8354452.0,24.383561643835616
9497431.0,36.986301369863014
217142.0,90.41095890410958
1732280.0,98.9041095890411
4240933.0,97.80821917808218
443942.0,100.0
6489648.0,0.0
8308386.0,98.9041095890411
8227038.0,57.26027397260274
2489339.0,0.0
8054892.0,43.013698630136986
1493197.0,52.054794520547944
4417792.0,53.97260273972603
5048597.0,91.23287671232877
6278191.0,24.10958904109589
8891577.0,58.082191780821915
4163306.0,98.08219178082192
59827.0,55.89041095890411
9505340.0,73.42465753424658
3992155.0,43.83561643835616
8571518.0,24.65753424657534
3820186.0,76.16438356164383
1084084.0,99.72602739726028
257140.0,55.89041095890411
8956628.0,13.698630136986301
8637174.0,31.780821917808222
8815061.0,39.726027397260275
4677524.0,96.43835616438356
3139847.0,13.424657534246576
6975036.0,55.89041095890411
4151093.0,98.35616438356163
4256558.0,55.06849315068493
2110357.0,96.43835616438356
8147986.0,24.383561643835616
2905375.0,40.273972602739725
4257097.0,100.0
931154.0,98.35616438356163
6370655.0,24.383561643835616
4363919.0,99.17808219178083
8722230.0,90.68493150684932
5019444.0,43.013698630136986
931758.0,97.53424657534246
301059.0,47.12328767123288
8815638.0,37.26027397260274
7264667.0,100.0
2068301.0,26.84931506849315
8487843.0,70.68493150684931
8608233.0,100.0
5446156.0,96.98630136986301
2691273.0,49.04109589041096
7807090.0,92.6027397260274
8306646.0,99.72602739726028
9666446.0,96.98630136986301
1055661.0,40.821917808219176
7806698.0,98.08219178082192
24212.0,39.45205479452055
8027776.0,19.726027397260275
6868378.0,38.63013698630137
7249508.0,46.02739726027397
7544337.0,96.43835616438356
19623.0,47.12328767123288
4210585.0,99.17808219178083
5784320.0,99.72602739726028
7347229.0,20.0
4676275.0,100.0
2489283.0,45.75342465753425
277416.0,97.26027397260275
7699356.0,7.671232876712329
5847934.0,95.34246575342465
9886971.0,64.10958904109589
5446180.0,98.63013698630137
4242626.0,86.57534246575342
3226793.0,100.0
23430.0,43.28767123287671
2186330.0,99.72602739726028
9477204.0,6.301369863013699
5683765.0,98.9041095890411
9900319.0,1.36986301369863
5691933.0,86.02739726027397
8829472.0,63.287671232876704
5183938.0,78.63013698630137
224763.0,91.78082191780823
4520179.0,99.45205479452055
9263252.0,98.08219178082192
284813.0,0.0
4402880.0,90.13698630136986
2660384.0,23.013698630136986
6973790.0,92.05479452054794
7116795.0,96.16438356164385
9910189.0,0.0
6854552.0,17.26027397260274
1857141.0,19.45205479452055
8668410.0,97.53424657534246
8517235.0,2.191780821917808
4311244.0,95.06849315068493
7616008.0,94.79452054794521
4776823.0,22.19178082191781
8082659.0,47.397260273972606
808134.0,44.38356164383562
8984454.0,13.972602739726028
6403878.0,0.0
8427254.0,83.01369863013699
529090.0,100.0
2392869.0,33.42465753424658
5289293.0,17.534246575342465
4783585.0,93.69863013698631
286080.0,47.12328767123288
1601714.0,100.0
9474025.0,100.0
5459895.0,100.0
7360078.0,100.0
8843162.0,75.61643835616438
8409750.0,56.43835616438356
6033201.0,89.86301369863014
5058302.0,97.80821917808218
4264056.0,73.6986301369863
1707064.0,98.35616438356163
8236094.0,96.16438356164385
8072907.0,71.78082191780823
4082986.0,69.86301369863014
9138600.0,96.16438356164385
7922197.0,68.76712328767123
10235014.0,0.821917808219178
4190689.0,62.19178082191781
3033913.0,18.356164383561644
6362918.0,85.47945205479452
2935486.0,78.63013698630137
9031119.0,38.35616438356164
5270886.0,95.61643835616438
59838.0,42.19178082191781
7727428.0,34.52054794520548
59708.0,44.657534246575345
1476298.0,81.0958904109589
6850007.0,100.0
8922554.0,2.4657534246575343
7440415.0,23.56164383561644
6490091.0,21.91780821917808
9311687.0,90.68493150684932
8103365.0,28.21917808219178
631445.0,97.80821917808218
6545773.0,53.97260273972603
8036985.0,96.16438356164385
9699490.0,0.0
4661374.0,48.76712328767123
365550.0,87.94520547945206
7777381.0,95.06849315068493
1778989.0,72.6027397260274
5031285.0,97.53424657534246
5031383.0,98.63013698630137
9685856.0,100.0
208356.0,93.15068493150685
9449062.0,4.10958904109589
3552523.0,5.7534246575342465
3487824.0,16.71232876712329
8501705.0,81.0958904109589
10140582.0,4.383561643835616
8068232.0,100.0
1709737.0,99.72602739726028
9408991.0,7.671232876712329
7110655.0,36.986301369863014
9012948.0,19.726027397260275
8372038.0,90.68493150684932
2051658.0,71.78082191780823
7506165.0,91.5068493150685
7311407.0,93.15068493150685
397117.0,88.76712328767124
4516960.0,74.79452054794521
9089308.0,97.53424657534246
934123.0,98.63013698630137
3891695.0,43.013698630136986
6514446.0,89.58904109589041
9863312.0,100.0
8805211.0,39.726027397260275
7954781.0,18.08219178082192
2944021.0,92.05479452054794
4395349.0,100.0
3282000.0,100.0
6687939.0,20.54794520547945
6613192.0,32.602739726027394
9900303.0,0.0
7860710.0,93.69863013698631
7510776.0,74.79452054794521
6773472.0,40.821917808219176
7965184.0,100.0
9183380.0,37.534246575342465
9201292.0,40.0
7332364.0,40.54794520547945
9028315.0,100.0
9939025.0,0.0
8100190.0,99.72602739726028
935671.0,96.43835616438356
936177.0,99.17808219178083
922986.0,98.35616438356163
1200083.0,98.63013698630137
935432.0,96.7123287671233
604600.0,100.0
1251763.0,93.42465753424658
7517684.0,57.80821917808219
607788.0,100.0
6278361.0,36.43835616438356
936378.0,99.72602739726028
7350870.0,100.0
92835.0,96.16438356164385
4009508.0,45.47945205479452
935862.0,97.80821917808218
8187537.0,61.369863013698634
10132385.0,95.34246575342465
9516114.0,5.7534246575342465
2749725.0,75.34246575342466
9813231.0,100.0
8101251.0,90.41095890410958
5201816.0,100.0
9329068.0,14.246575342465754
8704438.0,88.76712328767124
8052542.0,25.47945205479452
4251426.0,87.3972602739726
6020744.0,99.17808219178083
4251235.0,83.01369863013699
8093529.0,14.246575342465754
654734.0,98.9041095890411
3489083.0,98.63013698630137
8691263.0,23.56164383561644
3971934.0,100.0
7732071.0,34.52054794520548
1251813.0,100.0
10247453.0,99.17808219178083
6740521.0,83.01369863013699
2955782.0,88.21917808219179
6691324.0,96.16438356164385
8568567.0,93.15068493150685
1251707.0,100.0
10125020.0,97.80821917808218
931785.0,98.9041095890411
7763613.0,9.315068493150685
9574602.0,100.0
9024838.0,40.54794520547945
8427227.0,21.643835616438356
6993019.0,100.0
6746826.0,98.9041095890411
3592838.0,87.12328767123287
1954452.0,49.04109589041096
1651324.0,56.43835616438356
8016646.0,96.16438356164385
6115704.0,92.32876712328768
9237535.0,99.17808219178083
2191633.0,99.72602739726028
7451624.0,92.05479452054794
8311242.0,20.54794520547945
3977605.0,84.38356164383562
6344566.0,20.82191780821918
2191169.0,88.76712328767124
5213468.0,39.45205479452055
9822759.0,1.095890410958904
945645.0,87.67123287671232
8193241.0,20.0
6916167.0,100.0
6941113.0,91.23287671232877
2621746.0,88.4931506849315
449602.0,100.0
1724849.0,89.31506849315069
3868138.0,37.80821917808219
8193054.0,28.767123287671232
6807981.0,30.684931506849317
1163345.0,97.26027397260275
6436727.0,56.43835616438356
8553556.0,98.9041095890411
7389483.0,95.34246575342465
1901706.0,92.32876712328768
4137114.0,78.9041095890411
5249093.0,89.31506849315069
356608.0,78.63013698630137
5270223.0,84.10958904109589
7824870.0,32.87671232876712
828298.0,45.75342465753425
8446347.0,100.0
5989894.0,15.342465753424658
7699495.0,20.273972602739725
3270492.0,94.52054794520548
5372156.0,5.47945205479452
2933877.0,75.34246575342466
4943016.0,100.0
3624990.0,81.64383561643835
7391003.0,80.82191780821918
9922140.0,16.164383561643834
10126199.0,24.10958904109589
6752031.0,79.45205479452055
1815304.0,88.76712328767124
10211716.0,99.72602739726028
3793047.0,0.547945205479452
353039.0,82.1917808219178
5218550.0,78.63013698630137
7809494.0,97.80821917808218
6627403.0,72.05479452054794
8065715.0,96.16438356164385
7431247.0,39.178082191780824
9460.0,15.616438356164384
6993978.0,57.534246575342465
9979329.0,100.0
9061868.0,38.082191780821915
1246769.0,88.4931506849315
1107845.0,15.616438356164384
1583047.0,70.41095890410959
7735282.0,29.315068493150687
7710713.0,12.602739726027398
7735313.0,86.3013698630137
8869027.0,73.97260273972603
9781881.0,67.3972602739726
6239907.0,17.26027397260274
6315269.0,51.23287671232877
9318524.0,34.24657534246575
6812415.0,5.205479452054795
7118258.0,47.94520547945205
8505421.0,100.0
6246861.0,97.26027397260275
7828222.0,0.547945205479452
7533901.0,76.71232876712328
3803947.0,72.87671232876713
2943860.0,94.52054794520548
7388225.0,55.342465753424655
2620429.0,62.73972602739726
5036739.0,90.68493150684932
2978929.0,23.013698630136986
7699096.0,24.10958904109589
4439293.0,87.67123287671232
580815.0,85.47945205479452
5315169.0,54.794520547945204
3906076.0,93.15068493150685
4566609.0,7.123287671232877
9304465.0,5.205479452054795
1136984.0,83.56164383561644
6494181.0,83.01369863013699
4494947.0,94.24657534246576
9533648.0,85.47945205479452
284087.0,91.78082191780823
2825852.0,49.04109589041096
8817033.0,21.095890410958905
9097503.0,79.72602739726027
10211609.0,98.35616438356163
1684236.0,95.34246575342465
1159226.0,93.97260273972603
9318440.0,89.86301369863014
7884782.0,61.917808219178085
9236961.0,4.10958904109589
8065531.0,97.53424657534246
8342429.0,23.835616438356162
2149219.0,78.9041095890411
7678814.0,1.643835616438356
9432322.0,7.9452054794520555
4410544.0,41.369863013698634
8129676.0,27.123287671232877
4614955.0,82.46575342465754
1043194.0,98.9041095890411
8385687.0,17.80821917808219
8579782.0,63.561643835616444
9908825.0,84.65753424657534
9530877.0,39.178082191780824
8441263.0,0.0
9530788.0,17.80821917808219
3394936.0,84.65753424657534
6882518.0,48.49315068493151
4031625.0,26.027397260273972
4494948.0,97.53424657534246
4616695.0,9.58904109589041
4106041.0,100.0
2532879.0,98.9041095890411
4752817.0,43.56164383561644
6808970.0,0.0
1157083.0,0.547945205479452
6226666.0,0.0
9151374.0,90.95890410958904
6807884.0,100.0
1761870.0,25.753424657534246
6949900.0,61.917808219178085
5126446.0,100.0
8341720.0,98.08219178082192
8355276.0,11.506849315068493
7920539.0,35.61643835616438
7598743.0,100.0
7916754.0,31.232876712328768
7956227.0,99.72602739726028
4706111.0,100.0
8016309.0,19.17808219178082
5793477.0,98.08219178082192
2926776.0,100.0
8443258.0,92.05479452054794
7577073.0,100.0
6838418.0,5.7534246575342465
6852243.0,98.08219178082192
9317101.0,90.68493150684932
6555128.0,99.17808219178083
6228959.0,71.23287671232876
8446689.0,90.68493150684932
8064351.0,97.53424657534246
6662639.0,99.72602739726028
3273240.0,65.20547945205479
5957039.0,75.34246575342466
3449059.0,95.8904109589041
789229.0,99.45205479452055
4008373.0,25.205479452054796
5913611.0,25.47945205479452
8310576.0,46.3013698630137
4811583.0,100.0
3333971.0,92.32876712328768
4226386.0,84.65753424657534
3497530.0,100.0
8338155.0,25.753424657534246
1080097.0,99.72602739726028
4593740.0,26.027397260273972
6747473.0,97.80821917808218
3821663.0,98.63013698630137
5021969.0,99.45205479452055
4574039.0,96.43835616438356
4105164.0,93.15068493150685
2865992.0,75.61643835616438
1205666.0,92.32876712328768
5651254.0,100.0
1594412.0,100.0
7717653.0,36.43835616438356
4808896.0,80.82191780821918
7533537.0,83.01369863013699
5978216.0,95.34246575342465
6134382.0,90.41095890410958
9813684.0,100.0
9846066.0,95.8904109589041
10122924.0,100.0
1259305.0,100.0
7452021.0,90.68493150684932
193836.0,75.34246575342466
7902229.0,19.17808219178082
3994397.0,95.61643835616438
6744143.0,0.0
6554352.0,97.80821917808218
9186256.0,100.0
9219567.0,86.3013698630137
6278680.0,24.383561643835616
5252543.0,98.63013698630137
9296887.0,67.67123287671232
8431178.0,99.45205479452055
353347.0,90.68493150684932
838764.0,96.16438356164385
7349029.0,22.465753424657535
8194782.0,46.3013698630137
8703208.0,20.0
10339145.0,100.0
3251016.0,92.32876712328768
7513623.0,90.95890410958904
9521903.0,84.38356164383562
4379551.0,22.465753424657535
803902.0,65.75342465753424
5686178.0,0.0
8617043.0,49.04109589041096
9545664.0,100.0
7096547.0,22.465753424657535
8784239.0,100.0
3168651.0,100.0
7776701.0,81.64383561643835
5862552.0,98.9041095890411
9696532.0,49.04109589041096
6412566.0,95.06849315068493
6578147.0,100.0
4022127.0,100.0
3265292.0,49.04109589041096
3505739.0,100.0
9174507.0,100.0
9796540.0,89.31506849315069
3005854.0,100.0
3898692.0,57.26027397260274
7502246.0,96.16438356164385
6002165.0,21.643835616438356
4887845.0,23.28767123287671
8132007.0,87.3972602739726
10183490.0,100.0
8170683.0,100.0
5229971.0,0.0
4597013.0,100.0
3818746.0,87.67123287671232
6644854.0,52.054794520547944
117165.0,96.7123287671233
5015262.0,91.23287671232877
3868844.0,96.7123287671233
7455068.0,98.08219178082192
8102349.0,92.32876712328768
6694276.0,100.0
8373832.0,99.17808219178083
426089.0,98.08219178082192
7561333.0,97.26027397260275
2638086.0,84.65753424657534
10121329.0,99.72602739726028
5324459.0,91.23287671232877
233502.0,90.68493150684932
7651148.0,100.0
86185.0,100.0
2522091.0,99.17808219178083
7665392.0,98.35616438356163
1000883.0,98.63013698630137
7563243.0,48.49315068493151
251922.0,13.424657534246576
1225820.0,93.69863013698631
353110.0,82.46575342465754
4384800.0,90.95890410958904
8538630.0,67.67123287671232
5751177.0,100.0
3124961.0,0.0
6436772.0,0.0
7499506.0,100.0
3403858.0,58.082191780821915
746380.0,100.0
7229743.0,5.47945205479452
7547611.0,86.02739726027397
2906694.0,100.0
7454026.0,100.0
4651974.0,21.095890410958905
6847052.0,100.0
1538865.0,66.84931506849315
3061918.0,100.0
7773851.0,39.726027397260275
2536507.0,91.78082191780823
8409773.0,83.01369863013699
7131797.0,31.780821917808222
10331249.0,96.98630136986301
9883943.0,95.8904109589041
6956938.0,32.32876712328767
7869223.0,32.054794520547944
7278583.0,60.0
6796246.0,1.36986301369863
5991734.0,47.671232876712324
6515046.0,48.21917808219178
8538420.0,95.61643835616438
7800143.0,32.054794520547944
7651602.0,100.0
461567.0,43.013698630136986
9736940.0,76.16438356164383
210316.0,100.0
4581124.0,46.3013698630137
6403104.0,100.0
7071331.0,23.835616438356162
3883137.0,66.3013698630137
9858690.0,100.0
6657574.0,69.04109589041096
566435.0,98.63013698630137
226495.0,63.83561643835617
9394485.0,41.0958904109589
8116504.0,100.0
80188.0,100.0
9696286.0,8.767123287671232
7788695.0,15.890410958904111
1289082.0,100.0
3656508.0,24.10958904109589
8119192.0,99.45205479452055
5487653.0,27.123287671232877
493591.0,98.9041095890411
9534.0,71.78082191780823
6902752.0,96.16438356164385
7902569.0,95.8904109589041
9531.0,49.31506849315068
5759668.0,97.80821917808218
17951.0,84.10958904109589
4030640.0,88.21917808219179
4395654.0,14.246575342465754
6759046.0,99.72602739726028
10020782.0,0.0
1252147.0,24.10958904109589
5652705.0,99.45205479452055
9410043.0,2.4657534246575343
46022.0,99.45205479452055
4996554.0,100.0
692080.0,100.0
153967.0,98.9041095890411
9328278.0,19.45205479452055
8566242.0,99.72602739726028
6567683.0,99.17808219178083
6794702.0,64.93150684931507
7746170.0,100.0
157939.0,78.35616438356165
7459637.0,38.9041095890411
6079131.0,96.7123287671233
158953.0,99.45205479452055
8342968.0,49.04109589041096
6512979.0,100.0
7886656.0,97.26027397260275
4378803.0,74.79452054794521
7791010.0,81.0958904109589
6452927.0,13.150684931506849
8066883.0,23.56164383561644
8209686.0,25.47945205479452
8017832.0,97.53424657534246
7988300.0,94.24657534246576
2818292.0,100.0
4910140.0,92.32876712328768
9110730.0,20.273972602739725
6762958.0,22.73972602739726
8503556.0,86.57534246575342
6448099.0,11.506849315068493
4564730.0,40.821917808219176
50233.0,64.93150684931507
3402376.0,58.082191780821915
8782852.0,9.58904109589041
9098494.0,1.643835616438356
6977095.0,75.61643835616438
6748502.0,100.0
6823837.0,89.58904109589041
9298045.0,62.465753424657535
7988436.0,96.7123287671233
9615941.0,97.26027397260275
8631419.0,45.47945205479452
8919070.0,99.45205479452055
7836953.0,31.232876712328768
3281072.0,82.73972602739727
10252110.0,5.205479452054795
5958674.0,13.424657534246576
8307502.0,94.24657534246576
5958194.0,13.698630136986301
4121334.0,32.87671232876712
598023.0,99.72602739726028
6958603.0,28.767123287671232
7390195.0,88.4931506849315
4271174.0,100.0
3237501.0,100.0
6438013.0,96.16438356164385
10309898.0,100.0
2134911.0,100.0
5002964.0,100.0
6780615.0,92.05479452054794
2586642.0,100.0
9490093.0,24.383561643835616
1815472.0,87.67123287671232
8566475.0,94.52054794520548
10205366.0,34.52054794520548
2919571.0,100.0
1484651.0,98.63013698630137
6327506.0,38.082191780821915
3544964.0,100.0
7763298.0,97.80821917808218
5873892.0,48.21917808219178
41401.0,92.32876712328768
6646985.0,91.78082191780823
3582883.0,98.08219178082192
6939472.0,93.15068493150685
4518037.0,78.9041095890411
3951768.0,16.71232876712329
7007598.0,2.191780821917808
7800238.0,87.67123287671232
4581256.0,46.849315068493155
4163851.0,98.08219178082192
479653.0,61.917808219178085
6647442.0,97.80821917808218
7247518.0,100.0
6831239.0,47.397260273972606
108765.0,95.8904109589041
8174943.0,100.0
6360895.0,18.63013698630137
6363765.0,41.369863013698634
6183330.0,96.7123287671233
2612025.0,98.63013698630137
7630155.0,99.17808219178083
8118346.0,100.0
6105021.0,95.61643835616438
10299108.0,17.80821917808219
6626493.0,0.0
573942.0,84.38356164383562
9314106.0,10.41095890410959
9814376.0,100.0
9564093.0,45.20547945205479
1652107.0,45.20547945205479
609252.0,100.0
942490.0,100.0
8653722.0,72.6027397260274
7562591.0,36.986301369863014
9636238.0,1.095890410958904
823989.0,94.24657534246576
7596934.0,100.0
6832592.0,49.04109589041096
3922853.0,66.3013698630137
9475641.0,21.643835616438356
8718936.0,98.63013698630137
9075558.0,15.068493150684931
671828.0,92.6027397260274
6660186.0,100.0
716829.0,100.0
3916050.0,100.0
2187906.0,22.465753424657535
9091301.0,59.178082191780824
9048584.0,100.0
7382368.0,0.0
5278993.0,83.83561643835617
8717758.0,98.08219178082192
10299195.0,3.8356164383561646
7064681.0,44.657534246575345
1935439.0,73.97260273972603
5931372.0,53.15068493150685
1984692.0,75.89041095890411
4360604.0,66.3013698630137
9712348.0,53.97260273972603
7151107.0,28.21917808219178
7935437.0,100.0
6364753.0,57.80821917808219
7952032.0,0.0
6166307.0,22.19178082191781
3282760.0,100.0
6411259.0,16.986301369863014
670262.0,94.24657534246576
8411663.0,48.76712328767123
6926511.0,3.0136986301369864
9908591.0,28.493150684931507
5640722.0,98.08219178082192
6701018.0,81.0958904109589
3653575.0,100.0
7647221.0,74.79452054794521
3637180.0,99.17808219178083
6215199.0,0.547945205479452
714043.0,34.24657534246575
3890990.0,47.94520547945205
4038347.0,100.0
523883.0,98.9041095890411
4111954.0,4.10958904109589
4693488.0,49.04109589041096
5127136.0,40.54794520547945
7674720.0,84.38356164383562
8028801.0,100.0
9050781.0,44.38356164383562
178844.0,100.0
8034871.0,95.8904109589041
3208330.0,90.68493150684932
9492036.0,6.027397260273973
4863533.0,96.98630136986301
4360485.0,66.3013698630137
8194286.0,26.575342465753426
5524847.0,23.28767123287671
9236814.0,12.876712328767123
8483744.0,93.15068493150685
609421.0,100.0
3543247.0,89.04109589041096
4567243.0,33.6986301369863
749758.0,57.26027397260274
4854767.0,99.72602739726028
8129537.0,27.397260273972602
5014835.0,91.23287671232877
421168.0,92.05479452054794
58503.0,98.9041095890411
7881802.0,43.013698630136986
9562586.0,0.0
10340165.0,98.08219178082192
370361.0,96.16438356164385
3753645.0,57.80821917808219
3535171.0,100.0
2037250.0,100.0
2605975.0,94.52054794520548
4825472.0,97.80821917808218
5500398.0,84.38356164383562
587584.0,47.671232876712324
1220816.0,75.34246575342466
354453.0,100.0
9576550.0,4.931506849315069
3793790.0,95.34246575342465
9013210.0,98.35616438356163
9863457.0,100.0
23356.0,89.58904109589041
6425537.0,99.72602739726028
7921453.0,100.0
8634897.0,79.17808219178082
3604931.0,81.64383561643835
6937492.0,98.9041095890411
1048798.0,97.53424657534246
613020.0,7.9452054794520555
9109293.0,49.04109589041096
6215943.0,96.43835616438356
4069543.0,92.6027397260274
3986788.0,20.82191780821918
3968416.0,13.972602739726028
1806899.0,83.83561643835617
6168769.0,88.76712328767124
8187592.0,100.0
1925661.0,88.4931506849315
4760968.0,91.78082191780823
3953365.0,24.383561643835616
4909327.0,100.0
7828509.0,100.0
4903296.0,49.04109589041096
1323634.0,100.0
571640.0,100.0
613151.0,100.0
278192.0,100.0
571651.0,100.0
7883181.0,48.76712328767123
7718139.0,100.0
6572501.0,100.0
4668327.0,33.15068493150685
7636185.0,90.41095890410958
6421243.0,100.0
5580773.0,7.397260273972603
8737284.0,60.273972602739725
958475.0,24.93150684931507
8605841.0,77.8082191780822
7500728.0,100.0
606297.0,99.45205479452055
9094366.0,12.32876712328767
7096107.0,44.109589041095894
9496612.0,6.027397260273973
8785768.0,90.68493150684932
143580.0,97.53424657534246
611500.0,100.0
264829.0,100.0
1856851.0,51.78082191780822
1317919.0,100.0
392140.0,100.0
3139972.0,96.7123287671233
10020221.0,91.78082191780823
8759443.0,2.4657534246575343
6317449.0,21.643835616438356
6416765.0,96.43835616438356
5056580.0,96.7123287671233
6793490.0,98.9041095890411
2069917.0,97.80821917808218
3258585.0,42.465753424657535
815017.0,97.26027397260275
6610942.0,75.34246575342466
5365612.0,81.0958904109589
1556170.0,95.06849315068493
2486612.0,70.95890410958904
7748778.0,100.0
6872650.0,67.3972602739726
7634011.0,100.0
1898511.0,21.91780821917808
8067053.0,100.0
1872885.0,63.83561643835617
6561379.0,21.36986301369863
265901.0,100.0
392779.0,47.94520547945205
202174.0,75.34246575342466
7853358.0,26.301369863013697
2197168.0,72.32876712328768
4075152.0,1.643835616438356
5593399.0,70.41095890410959
366301.0,23.56164383561644
6644628.0,100.0
3593582.0,0.0
6716620.0,50.68493150684932
6796066.0,49.589041095890416
3977450.0,22.465753424657535
793629.0,44.657534246575345
9110410.0,75.89041095890411
5705161.0,11.232876712328768
8596938.0,19.726027397260275
5364119.0,83.01369863013699
6211882.0,53.42465753424658
4374326.0,96.43835616438356
7887651.0,47.94520547945205
9013441.0,57.26027397260274
7362757.0,41.64383561643836
9609152.0,99.72602739726028
4639040.0,99.72602739726028
2586350.0,99.17808219178083
6482409.0,100.0
8089214.0,100.0
8409975.0,9.315068493150685
8409926.0,19.45205479452055
6107518.0,45.47945205479452
9797000.0,24.383561643835616
5242148.0,96.16438356164385
3372535.0,79.45205479452055
995443.0,76.16438356164383
3279728.0,90.68493150684932
8446766.0,99.72602739726028
9733841.0,88.76712328767124
5852034.0,59.45205479452055
1851837.0,42.73972602739726
7324041.0,46.849315068493155
4105081.0,100.0
8474605.0,100.0
5682.0,84.65753424657534
2737012.0,24.93150684931507
8743202.0,23.28767123287671
1003890.0,97.26027397260275
8446120.0,100.0
8153673.0,98.35616438356163
7936712.0,94.24657534246576
2642359.0,98.35616438356163
6528342.0,35.89041095890411
9820818.0,20.0
8754180.0,20.82191780821918
8904766.0,15.342465753424658
3186785.0,39.726027397260275
1885801.0,99.72602739726028
8006745.0,0.821917808219178
7013085.0,93.69863013698631
6546748.0,94.52054794520548
4526737.0,50.95890410958904
3335.0,84.65753424657534
4735761.0,100.0
1672979.0,100.0
7388899.0,90.68493150684932
8052307.0,100.0
9068366.0,12.602739726027398
6117473.0,100.0
8541389.0,100.0
7745016.0,34.24657534246575
6557297.0,39.726027397260275
1263470.0,51.23287671232877
7415378.0,45.20547945205479
8849596.0,15.890410958904111
7902382.0,30.41095890410959
4772997.0,100.0
4708075.0,100.0
3859882.0,27.945205479452056
4711069.0,83.83561643835617
7713043.0,100.0
174636.0,99.72602739726028
8195348.0,100.0
7902068.0,24.10958904109589
4832481.0,98.08219178082192
7902268.0,22.465753424657535
4559222.0,100.0
7902330.0,22.73972602739726
6249164.0,96.16438356164385
5192122.0,83.83561643835617
8901863.0,100.0
2027236.0,99.45205479452055
3673011.0,48.76712328767123
6577295.0,92.87671232876711
4384000.0,100.0
3147706.0,99.17808219178083
1900698.0,85.75342465753425
4157572.0,100.0
8886847.0,100.0
3642289.0,89.86301369863014
3022564.0,90.41095890410958
2203983.0,0.821917808219178
215882.0,96.7123287671233
491958.0,77.26027397260275
190984.0,96.98630136986301
1599856.0,95.34246575342465
1223644.0,23.28767123287671
3246706.0,70.13698630136986
1305009.0,86.84931506849315
8952253.0,16.164383561643834
4041868.0,99.17808219178083
8845310.0,83.01369863013699
7750477.0,80.27397260273973
7938941.0,99.72602739726028
2721575.0,93.15068493150685
1738425.0,98.35616438356163
2471659.0,95.8904109589041
6078382.0,100.0
7585688.0,76.43835616438356
3120652.0,24.383561643835616
4922836.0,100.0
1433440.0,61.09589041095891
2980762.0,24.383561643835616
1733747.0,98.35616438356163
1455269.0,21.36986301369863
1457330.0,32.32876712328767
7420488.0,72.6027397260274
8902887.0,73.42465753424658
5175464.0,96.98630136986301
7411863.0,85.47945205479452
2856806.0,57.26027397260274
693956.0,4.383561643835616
5682316.0,23.835616438356162
8597800.0,5.7534246575342465
4707171.0,85.47945205479452
9138392.0,12.32876712328767
7417852.0,99.17808219178083
9597947.0,100.0
7262142.0,96.98630136986301
7615170.0,49.04109589041096
609610.0,87.67123287671232
8326413.0,82.46575342465754
4833820.0,90.68493150684932
7480196.0,30.41095890410959
8774504.0,94.24657534246576
8627921.0,96.7123287671233
788146.0,100.0
9217446.0,16.164383561643834
2016613.0,93.15068493150685
2695493.0,67.94520547945206
9063355.0,24.383561643835616
7922663.0,24.383561643835616
9415562.0,100.0
9075656.0,97.26027397260275
9710851.0,83.01369863013699
1983713.0,98.63013698630137
7363727.0,96.43835616438356
10022421.0,24.383561643835616
6274351.0,99.72602739726028
777159.0,0.0
3922845.0,67.67123287671232
674113.0,75.34246575342466
8053128.0,53.42465753424658
7534300.0,100.0
1009838.0,97.26027397260275
9823290.0,99.72602739726028
5194332.0,38.9041095890411
841274.0,75.34246575342466
8904748.0,49.31506849315068
8734809.0,35.06849315068493
7562331.0,90.13698630136986
4461706.0,83.83561643835617
3890786.0,84.38356164383562
8474253.0,3.0136986301369864
5559063.0,76.43835616438356
4126284.0,95.8904109589041
1209447.0,0.0
4364285.0,45.47945205479452
6716874.0,74.79452054794521
4659824.0,99.72602739726028
3677729.0,91.78082191780823
1097520.0,99.17808219178083
2898954.0,24.383561643835616
826436.0,24.10958904109589
774659.0,65.75342465753424
3849918.0,41.0958904109589
7382303.0,97.53424657534246
5376433.0,93.69863013698631
1750681.0,63.287671232876704
7229312.0,12.32876712328767
2520890.0,48.76712328767123
8391954.0,4.383561643835616
797358.0,8.493150684931507
7922013.0,23.56164383561644
7956337.0,22.73972602739726
2686659.0,95.61643835616438
755613.0,24.10958904109589
1758935.0,95.34246575342465
8474294.0,2.191780821917808
3904056.0,100.0
7914021.0,100.0
9364302.0,0.0
8196883.0,29.589041095890412
7938153.0,100.0
2763078.0,100.0
3258213.0,8.767123287671232
7809455.0,66.3013698630137
8409949.0,22.19178082191781
2150760.0,100.0
5424448.0,94.52054794520548
1606171.0,96.98630136986301
136480.0,85.47945205479452
4863369.0,90.41095890410958
7547290.0,44.38356164383562
5918259.0,27.397260273972602
5804875.0,100.0
8409941.0,20.0
8409969.0,20.82191780821918
9170870.0,24.383561643835616
6168975.0,98.08219178082192
7263506.0,92.05479452054794
7037522.0,100.0
1416763.0,100.0
3726391.0,100.0
10188794.0,9.315068493150685
3488436.0,99.45205479452055
1277033.0,100.0
5241195.0,92.6027397260274
2736961.0,88.21917808219179
4716486.0,93.42465753424658
7386675.0,40.0
5240694.0,100.0
8566501.0,100.0
7402861.0,34.24657534246575
741699.0,43.83561643835616
6108006.0,41.917808219178085
8409962.0,18.904109589041095
5834820.0,100.0
6741135.0,50.41095890410959
6555393.0,47.671232876712324
67270.0,99.45205479452055
7005538.0,11.232876712328768
1827586.0,100.0
7900497.0,92.6027397260274
8157486.0,100.0
4809486.0,3.287671232876712
9849122.0,85.47945205479452
9351911.0,100.0
3993960.0,0.0
8989807.0,7.397260273972603
5299060.0,94.79452054794521
3115801.0,71.78082191780823
9153365.0,49.04109589041096
10015967.0,0.0
284480.0,74.79452054794521
4916433.0,100.0
1732441.0,100.0
2652941.0,98.63013698630137
2809796.0,97.26027397260275
9477539.0,92.32876712328768
4479426.0,100.0
8276416.0,23.013698630136986
486344.0,98.35616438356163
1980395.0,93.69863013698631
7239217.0,90.95890410958904
1328159.0,96.98630136986301
5838129.0,1.36986301369863
9664395.0,4.383561643835616
4681687.0,95.8904109589041
4264012.0,99.72602739726028
445199.0,0.0
7514366.0,91.78082191780823
5236979.0,43.56164383561644
8555304.0,96.7123287671233
8847951.0,31.780821917808222
3124383.0,90.13698630136986
5863446.0,85.47945205479452
9155422.0,100.0
5047188.0,100.0
5825701.0,93.69863013698631
5499882.0,74.79452054794521
7529124.0,16.164383561643834
7995944.0,96.43835616438356
5538874.0,75.61643835616438
4941356.0,24.10958904109589
7679928.0,40.0
10385.0,100.0
4507137.0,0.0
7653539.0,100.0
5863558.0,85.47945205479452
8472954.0,100.0
7952930.0,98.35616438356163
8556665.0,75.61643835616438
5500752.0,48.76712328767123
9048029.0,100.0
4423130.0,98.08219178082192
8473056.0,84.38356164383562
2071305.0,58.082191780821915
817115.0,93.42465753424658
6895132.0,97.53424657534246
8255196.0,100.0
5051529.0,83.56164383561644
5337848.0,46.57534246575342
20868.0,98.08219178082192
8385444.0,91.78082191780823
637326.0,100.0
6557767.0,99.17808219178083
4869458.0,85.47945205479452
5319948.0,92.32876712328768
7638282.0,92.32876712328768
11411.0,100.0
723846.0,88.4931506849315
10104370.0,1.36986301369863
5041669.0,0.821917808219178
2197982.0,84.93150684931507
10695.0,100.0
6005222.0,100.0
3317940.0,83.56164383561644
8099917.0,80.54794520547945
8617171.0,17.80821917808219
4181226.0,100.0
7074024.0,21.36986301369863
2729077.0,82.73972602739727
7483750.0,94.52054794520548
9030929.0,10.41095890410959
1764233.0,91.23287671232877
6218849.0,16.71232876712329
4030600.0,0.0
4637801.0,100.0
2056276.0,100.0
6214998.0,27.945205479452056
9168049.0,96.16438356164385
10211928.0,100.0
387464.0,99.17808219178083
53867.0,5.47945205479452
3146212.0,24.65753424657534
107046.0,0.0
4629020.0,79.17808219178082
4324317.0,100.0
6629278.0,99.45205479452055
8958290.0,40.54794520547945
6676926.0,26.301369863013697
7934356.0,30.958904109589042
4701141.0,0.0
7274556.0,88.21917808219179
9186681.0,17.80821917808219
6907671.0,94.52054794520548
1534622.0,100.0
6627129.0,52.602739726027394
1750010.0,55.61643835616439
5805162.0,36.43835616438356
1136522.0,100.0
4892529.0,55.61643835616439
2420536.0,94.24657534246576
6612940.0,69.31506849315069
5471427.0,30.136986301369863
8714974.0,100.0
8101791.0,98.9041095890411
6599960.0,92.32876712328768
8002965.0,17.534246575342465
8715320.0,50.41095890410959
9632775.0,92.32876712328768
5413564.0,78.08219178082192
5340242.0,81.91780821917808
3676779.0,79.72602739726027
9157232.0,100.0
4208555.0,0.0
7026898.0,40.821917808219176
3766055.0,100.0
8091417.0,28.21917808219178
8253758.0,0.0
3126153.0,100.0
3434459.0,87.94520547945206
7245586.0,96.43835616438356
5959816.0,74.24657534246575
3852117.0,85.47945205479452
7350992.0,91.5068493150685
3812725.0,0.0
4288801.0,92.32876712328768
5473498.0,42.19178082191781
5057466.0,99.45205479452055
1541705.0,100.0
7110923.0,24.10958904109589
9067268.0,16.71232876712329
7500000.0,73.15068493150685
2556794.0,32.602739726027394
6348159.0,24.383561643835616
5941598.0,24.383561643835616
3206305.0,67.67123287671232
3531616.0,90.95890410958904
3404700.0,97.80821917808218
533443.0,24.383561643835616
6214517.0,46.57534246575342
8036620.0,20.82191780821918
8152764.0,36.986301369863014
6837751.0,100.0
2459519.0,94.52054794520548
4940379.0,75.06849315068493
2413338.0,68.4931506849315
2332949.0,95.06849315068493
6543683.0,100.0
4340410.0,82.73972602739727
7003848.0,100.0
3479851.0,98.08219178082192
5104918.0,47.94520547945205
1386306.0,97.80821917808218
486829.0,50.68493150684932
3604904.0,100.0
1450262.0,87.3972602739726
9995551.0,98.63013698630137
8849095.0,12.32876712328767
7742525.0,50.95890410958904
4550199.0,54.24657534246575
2822984.0,75.34246575342466
202260.0,34.24657534246575
8597687.0,94.24657534246576
2309250.0,93.97260273972603
7420339.0,0.0
1742425.0,21.91780821917808
4559985.0,98.9041095890411
6304139.0,98.9041095890411
2610187.0,100.0
8508341.0,97.26027397260275
7327623.0,97.53424657534246
2412633.0,25.205479452054796
4205026.0,98.35616438356163
7858454.0,33.15068493150685
9299824.0,88.76712328767124
656909.0,0.273972602739726
6728419.0,100.0
8766231.0,32.87671232876712
9110560.0,23.835616438356162
4599119.0,98.35616438356163
10043487.0,100.0
3646393.0,97.53424657534246
6537432.0,61.09589041095891
1950446.0,45.75342465753425
9519968.0,85.75342465753425
8507062.0,34.794520547945204
4454121.0,0.0
8505940.0,41.369863013698634
1012003.0,87.12328767123287
7024684.0,36.16438356164384
6938542.0,84.93150684931507
2350464.0,0.0
10281965.0,97.53424657534246
63308.0,75.06849315068493
3352685.0,16.71232876712329
9368950.0,100.0
6386210.0,55.06849315068493
2385623.0,24.383561643835616
5006092.0,35.342465753424655
7070169.0,91.5068493150685
7988792.0,29.863013698630137
6335327.0,100.0
3858725.0,49.04109589041096
385438.0,15.890410958904111
3615614.0,96.43835616438356
8339580.0,100.0
9480029.0,100.0
139463.0,81.64383561643835
7957689.0,30.41095890410959
6646894.0,90.68493150684932
8907548.0,100.0
3551668.0,94.52054794520548
2357110.0,100.0
7784802.0,1.36986301369863
10210625.0,0.273972602739726
9137469.0,97.53424657534246
6032726.0,93.15068493150685
7802266.0,33.15068493150685
10250735.0,1.095890410958904
7496485.0,38.35616438356164
7638263.0,96.16438356164385
7421950.0,90.68493150684932
8356608.0,100.0
1354750.0,13.150684931506849
2687172.0,97.26027397260275
3498114.0,95.61643835616438
9580021.0,89.86301369863014
9994758.0,22.465753424657535
10035274.0,0.0
8369321.0,0.0
7500191.0,99.72602739726028
6870575.0,94.24657534246576
8594717.0,72.32876712328768
134091.0,21.36986301369863
8473625.0,100.0
258571.0,27.945205479452056
9473967.0,95.34246575342465
890677.0,17.26027397260274
4211081.0,82.1917808219178
7843995.0,75.89041095890411
9494623.0,75.89041095890411
882274.0,54.794520547945204
3594885.0,99.45205479452055
1768883.0,0.547945205479452
948077.0,90.13698630136986
4841586.0,97.53424657534246
5640214.0,16.164383561643834
9011350.0,86.02739726027397
5695717.0,24.383561643835616
4718921.0,76.16438356164383
557126.0,46.02739726027397
8053554.0,28.767123287671232
2488228.0,11.78082191780822
6865200.0,100.0
8779676.0,97.26027397260275
9929059.0,28.767123287671232
8919372.0,45.75342465753425
8257837.0,76.43835616438356
4607830.0,19.726027397260275
1545801.0,100.0
4129218.0,100.0
6390214.0,2.4657534246575343
9757138.0,7.397260273972603
7872980.0,98.35616438356163
458191.0,0.547945205479452
7725597.0,100.0
4660517.0,94.52054794520548
3426639.0,90.68493150684932
6118359.0,12.876712328767123
7665114.0,40.0
281789.0,7.671232876712329
3930270.0,97.26027397260275
9016362.0,99.17808219178083
7987846.0,100.0
3803212.0,100.0
3424991.0,93.97260273972603
752483.0,100.0
1897000.0,99.45205479452055
6349598.0,26.027397260273972
4809601.0,100.0
9137398.0,97.26027397260275
9137075.0,97.53424657534246
1100714.0,20.82191780821918
5977556.0,99.17808219178083
1090449.0,96.98630136986301
4199019.0,98.08219178082192
1520593.0,100.0
1928010.0,93.15068493150685
7177194.0,91.5068493150685
7635966.0,36.16438356164384
6325283.0,58.082191780821915
6644796.0,44.109589041095894
8053921.0,76.43835616438356
841049.0,98.63013698630137
7128310.0,99.45205479452055
7718203.0,33.15068493150685
9774404.0,1.9178082191780823
7789438.0,95.61643835616438
7775663.0,95.06849315068493
8014547.0,27.397260273972602
1716901.0,26.027397260273972
6477225.0,0.0
2217257.0,13.150684931506849
7580593.0,0.547945205479452
1828232.0,56.986301369863014
4725935.0,96.98630136986301
9061439.0,16.71232876712329
6545602.0,100.0
2688555.0,94.79452054794521
7984550.0,100.0
6561753.0,100.0
6561811.0,100.0
6545246.0,100.0
1520501.0,100.0
5618094.0,75.34246575342466
279063.0,99.72602739726028
5030361.0,34.52054794520548
6779893.0,100.0
796594.0,100.0
1030615.0,3.8356164383561646
6328923.0,99.72602739726028
7050492.0,16.71232876712329
2418658.0,97.26027397260275
387078.0,100.0
10012724.0,12.876712328767123
6768768.0,49.86301369863014
338043.0,97.53424657534246
4701205.0,97.80821917808218
338091.0,100.0
7235573.0,100.0
7579854.0,40.54794520547945
1525972.0,98.35616438356163
3626497.0,0.547945205479452
8102064.0,28.21917808219178
447488.0,24.383561643835616
835149.0,99.17808219178083
3759039.0,0.0
6131411.0,52.054794520547944
4679983.0,86.57534246575342
7821003.0,1.36986301369863
9939359.0,0.0
9494946.0,92.32876712328768
745099.0,92.32876712328768
8054518.0,97.80821917808218
1141226.0,82.73972602739727
9866909.0,98.63013698630137
1790020.0,100.0
4277026.0,24.383561643835616
4082250.0,88.76712328767124
5637990.0,22.73972602739726
2909809.0,100.0
1356339.0,93.97260273972603
3884805.0,97.26027397260275
5395530.0,95.8904109589041
10295151.0,97.80821917808218
6481695.0,99.72602739726028
5660792.0,94.79452054794521
7435912.0,100.0
4768038.0,22.465753424657535
1416279.0,17.534246575342465
9970609.0,100.0
6835466.0,48.49315068493151
3418230.0,100.0
9843421.0,0.547945205479452
3543791.0,70.95890410958904
3552006.0,90.68493150684932
7149703.0,37.80821917808219
4526943.0,100.0
7557951.0,38.35616438356164
4808173.0,99.17808219178083
4404126.0,6.8493150684931505
7902137.0,82.1917808219178
8453633.0,90.68493150684932
2004931.0,73.42465753424658
7179783.0,49.04109589041096
7241235.0,12.32876712328767
6249458.0,99.45205479452055
1537246.0,72.87671232876713
841140.0,48.21917808219178
1961950.0,1.643835616438356
8735996.0,17.80821917808219
1220471.0,3.0136986301369864
7369.0,14.520547945205479
9137899.0,13.150684931506849
4831200.0,75.34246575342466
1562643.0,83.56164383561644
7871807.0,32.054794520547944
8116395.0,87.94520547945206
872152.0,76.71232876712328
719233.0,10.95890410958904
6216116.0,61.917808219178085
9386509.0,93.69863013698631
1686958.0,50.41095890410959
8106277.0,100.0
5422881.0,34.52054794520548
6812054.0,100.0
5067177.0,97.80821917808218
6689259.0,83.56164383561644
4231670.0,98.63013698630137
6951415.0,15.616438356164384
7666155.0,35.342465753424655
8934054.0,97.80821917808218
7601766.0,100.0
6954984.0,35.06849315068493
8339428.0,0.0
5160893.0,97.53424657534246
7616507.0,51.23287671232877
23192.0,93.15068493150685
9494415.0,73.97260273972603
8241019.0,0.0
4652918.0,67.67123287671232
7618526.0,41.0958904109589
5930806.0,97.53424657534246
9407989.0,7.671232876712329
6823597.0,100.0
5537446.0,77.53424657534246
9436832.0,20.273972602739725
9133711.0,96.16438356164385
10157690.0,20.82191780821918
1122236.0,99.72602739726028
4906490.0,0.547945205479452
7773668.0,93.42465753424658
458197.0,0.547945205479452
458193.0,0.547945205479452
458186.0,0.547945205479452
458183.0,0.547945205479452
941467.0,7.9452054794520555
1039766.0,96.43835616438356
5078876.0,7.671232876712329
5242712.0,68.76712328767123
1539476.0,100.0
8626068.0,19.45205479452055
8150395.0,15.068493150684931
4824435.0,3.8356164383561646
4250639.0,26.301369863013697
3652612.0,100.0
3570691.0,94.24657534246576
5495802.0,97.26027397260275
8106263.0,92.05479452054794
1204142.0,78.9041095890411
6769696.0,92.6027397260274
6118291.0,20.0
5593981.0,17.80821917808219
9970805.0,100.0
8673979.0,100.0
3404914.0,58.082191780821915
4782745.0,90.68493150684932
4848255.0,72.05479452054794
2194715.0,84.93150684931507
13068.0,94.24657534246576
9137335.0,97.53424657534246
6659301.0,24.383561643835616
5479566.0,98.63013698630137
8273031.0,100.0
7363701.0,92.87671232876711
7984738.0,100.0
3930681.0,0.0
7518794.0,37.80821917808219
8755762.0,90.41095890410958
7535055.0,34.52054794520548
4241862.0,0.547945205479452
9509279.0,99.17808219178083
6822322.0,0.0
2628010.0,8.21917808219178
4077920.0,13.972602739726028
10157880.0,18.08219178082192
4766173.0,7.671232876712329
5946151.0,100.0
2970666.0,93.97260273972603
7308331.0,23.835616438356162
3946631.0,6.575342465753424
7329915.0,99.72602739726028
6436976.0,99.17808219178083
9328692.0,36.43835616438356
9117301.0,16.71232876712329
2898401.0,33.15068493150685
8193516.0,23.56164383561644
3766285.0,0.0
1520581.0,95.8904109589041
1349175.0,92.6027397260274
5633607.0,93.42465753424658
9836113.0,87.94520547945206
5510720.0,7.9452054794520555
6837819.0,24.383561643835616
8050232.0,29.041095890410958
9386179.0,91.78082191780823
4184211.0,99.17808219178083
3732949.0,49.04109589041096
1348777.0,100.0
317248.0,16.986301369863014
6182715.0,94.24657534246576
8943380.0,99.45205479452055
6076158.0,23.013698630136986
384797.0,87.67123287671232
7901318.0,31.506849315068493
7614244.0,49.589041095890416
458189.0,0.547945205479452
5386937.0,95.8904109589041
8684315.0,92.6027397260274
3412630.0,82.1917808219178
7054225.0,99.72602739726028
1775016.0,93.97260273972603
9835920.0,98.08219178082192
4223597.0,95.34246575342465
1976382.0,100.0
3396140.0,97.53424657534246
1782140.0,82.1917808219178
430453.0,100.0
1633986.0,29.589041095890412
9507115.0,96.43835616438356
8926060.0,95.8904109589041
1520449.0,98.08219178082192
7697170.0,92.32876712328768
1511620.0,100.0
9411935.0,85.2054794520548
1355094.0,91.23287671232877
6305798.0,59.178082191780824
4009295.0,49.04109589041096
10334184.0,98.9041095890411
1159111.0,89.58904109589041
9368573.0,99.17808219178083
3773417.0,24.383561643835616
9327585.0,91.5068493150685
6492056.0,55.342465753424655
7073650.0,100.0
9727857.0,15.342465753424658
446276.0,96.7123287671233
208670.0,59.178082191780824
8868833.0,46.02739726027397
7180032.0,18.904109589041095
9137259.0,96.7123287671233
9252998.0,10.41095890410959
7975026.0,30.136986301369863
6278216.0,60.82191780821918
6425652.0,100.0
7228435.0,59.178082191780824
9149612.0,0.547945205479452
8251213.0,2.73972602739726
5548982.0,15.616438356164384
9546633.0,92.6027397260274
3272374.0,100.0
7335567.0,94.52054794520548
9563458.0,67.67123287671232
7875887.0,98.35616438356163
3394837.0,87.94520547945206
4464795.0,100.0
6927016.0,19.726027397260275
699596.0,35.89041095890411
6387576.0,97.80821917808218
8828781.0,22.73972602739726
1198884.0,71.23287671232876
9546508.0,84.93150684931507
2386589.0,33.42465753424658
9924107.0,98.9041095890411
3386862.0,0.0
9280767.0,97.53424657534246
1520533.0,98.08219178082192
9651755.0,90.13698630136986
82763.0,100.0
9880665.0,99.72602739726028
1762354.0,0.0
2836237.0,58.082191780821915
5204475.0,85.75342465753425
8741711.0,1.643835616438356
3819831.0,0.273972602739726
8267620.0,99.72602739726028
7087957.0,24.383561643835616
1520549.0,91.23287671232877
9094872.0,100.0
9414303.0,8.21917808219178
26116.0,100.0
7874053.0,0.547945205479452
6452801.0,99.72602739726028
8340841.0,22.19178082191781
9635943.0,100.0
8046691.0,29.041095890410958
9078843.0,100.0
8799909.0,16.71232876712329
387079.0,100.0
8292326.0,100.0
10339144.0,0.0
5563136.0,0.547945205479452
6079216.0,63.83561643835617
8955477.0,9.04109589041096
6424859.0,8.493150684931507
7651702.0,100.0
6210952.0,0.0
9281758.0,100.0
2875975.0,48.49315068493151
7275027.0,33.15068493150685
4318709.0,75.34246575342466
6939106.0,18.904109589041095
2727938.0,21.643835616438356
7695195.0,35.61643835616438
6445741.0,24.383561643835616
7381005.0,71.5068493150685
8724134.0,100.0
4023177.0,100.0
1589681.0,97.80821917808218
8524349.0,70.95890410958904
9429399.0,98.08219178082192
7089415.0,36.16438356164384
8033438.0,98.9041095890411
6836330.0,49.86301369863014
975179.0,98.9041095890411
1956094.0,64.10958904109589
9619737.0,92.32876712328768
9463729.0,99.72602739726028
8866331.0,92.32876712328768
5457260.0,94.52054794520548
8594406.0,92.32876712328768
8484705.0,97.53424657534246
7714585.0,99.45205479452055
218741.0,47.397260273972606
8551871.0,89.04109589041096
8567933.0,98.08219178082192
7934963.0,47.671232876712324
6481764.0,58.9041095890411
8426827.0,99.72602739726028
7771531.0,92.32876712328768
37234.0,85.2054794520548
2060441.0,55.61643835616439
2158992.0,99.72602739726028
8608414.0,19.726027397260275
5619397.0,100.0
4144767.0,78.9041095890411
1301535.0,47.397260273972606
3882930.0,85.75342465753425
9186481.0,40.54794520547945
5364244.0,96.98630136986301
4127196.0,84.38356164383562
30712.0,98.08219178082192
5632713.0,18.904109589041095
2396734.0,100.0
4616634.0,47.671232876712324
1175308.0,50.95890410958904
3157738.0,82.46575342465754
8866927.0,91.23287671232877
3657819.0,97.26027397260275
8212190.0,100.0
9030406.0,95.06849315068493
6884820.0,47.397260273972606
6821407.0,93.69863013698631
9563749.0,18.08219178082192
6474341.0,26.301369863013697
7038750.0,66.02739726027397
7824929.0,99.45205479452055
2277640.0,0.0
5620306.0,72.87671232876713
9693971.0,100.0
4739190.0,18.356164383561644
5219336.0,100.0
2298775.0,100.0
7455706.0,97.26027397260275
1142039.0,91.5068493150685
3563218.0,75.89041095890411
7789264.0,94.24657534246576
6935953.0,100.0
3441402.0,98.08219178082192
921571.0,35.06849315068493
5205984.0,100.0
5352741.0,100.0
1461971.0,0.547945205479452
6690388.0,93.97260273972603
1190571.0,100.0
231097.0,98.35616438356163
149489.0,100.0
3703121.0,47.671232876712324
3004007.0,90.13698630136986
3870937.0,92.05479452054794
3242247.0,98.35616438356163
6350606.0,92.05479452054794
8131762.0,74.24657534246575
9345786.0,100.0
6741526.0,50.95890410958904
6101613.0,88.76712328767124
1190224.0,100.0
8704931.0,46.57534246575342
9591718.0,100.0
9432497.0,22.465753424657535
7931111.0,19.726027397260275
5031357.0,99.72602739726028
6603376.0,92.6027397260274
3861673.0,85.2054794520548
461234.0,94.52054794520548
3510818.0,97.26027397260275
6245498.0,98.9041095890411
6557018.0,40.821917808219176
170469.0,98.35616438356163
7873789.0,45.75342465753425
6691873.0,59.178082191780824
7638689.0,38.35616438356164
5968862.0,66.57534246575342
260613.0,97.26027397260275
4718820.0,100.0
6897639.0,47.671232876712324
1023693.0,97.80821917808218
4438871.0,100.0
4438160.0,3.0136986301369864
7870538.0,68.21917808219177
6153532.0,3.5616438356164384
488268.0,23.835616438356162
6375415.0,92.87671232876711
4429898.0,84.38356164383562
5991139.0,70.95890410958904
6130287.0,100.0
1623894.0,25.47945205479452
6453383.0,72.6027397260274
25002.0,84.38356164383562
5183164.0,98.9041095890411
10235136.0,0.273972602739726
2352218.0,100.0
5695344.0,87.67123287671232
5403847.0,94.24657534246576
1187735.0,95.34246575342465
8976178.0,99.17808219178083
8717068.0,0.0
9717757.0,48.76712328767123
3308825.0,98.35616438356163
8921924.0,79.17808219178082
2260626.0,100.0
7635496.0,36.16438356164384
8086294.0,53.6986301369863
1097766.0,100.0
4950847.0,100.0
670056.0,25.47945205479452
7069080.0,100.0
4701146.0,100.0
670021.0,25.47945205479452
6813623.0,58.9041095890411
3208667.0,48.21917808219178
10332096.0,100.0
4951079.0,100.0
9233533.0,98.63013698630137
6782993.0,100.0
8340819.0,100.0
4024844.0,96.16438356164385
5397134.0,21.095890410958905
8061699.0,15.068493150684931
2934389.0,45.75342465753425
9316009.0,8.767123287671232
6652199.0,100.0
7948034.0,100.0
4291.0,100.0
7018009.0,83.28767123287672
7661577.0,29.315068493150687
7418814.0,100.0
4825073.0,98.08219178082192
9961388.0,7.397260273972603
8923774.0,68.76712328767123
7405128.0,75.89041095890411
8953255.0,84.38356164383562
9410302.0,100.0
8559462.0,93.69863013698631
9901852.0,19.45205479452055
1145941.0,88.4931506849315
7802149.0,60.273972602739725
3561108.0,100.0
5310503.0,23.013698630136986
4820795.0,24.383561643835616
4664312.0,100.0
2804399.0,93.42465753424658
9733835.0,7.397260273972603
9888395.0,1.095890410958904
7201336.0,97.53424657534246
4180905.0,0.547945205479452
6603061.0,47.397260273972606
8606766.0,49.31506849315068
5163047.0,100.0
8578023.0,25.205479452054796
9939038.0,21.91780821917808
9061048.0,33.97260273972603
7603457.0,96.16438356164385
5639238.0,73.97260273972603
5362889.0,93.15068493150685
7203408.0,42.73972602739726
7885859.0,31.506849315068493
10141859.0,100.0
7762347.0,33.97260273972603
544433.0,90.95890410958904
9410128.0,7.671232876712329
6276224.0,83.01369863013699
5252515.0,47.671232876712324
1622794.0,83.56164383561644
9171373.0,5.47945205479452
8423118.0,25.205479452054796
6248083.0,98.63013698630137
7932696.0,98.63013698630137
3215404.0,0.0
9522082.0,96.7123287671233
3040278.0,67.67123287671232
9939740.0,22.19178082191781
1071843.0,77.53424657534246
4973204.0,89.58904109589041
6584984.0,53.42465753424658
9118240.0,90.68493150684932
6971260.0,100.0
3738724.0,100.0
945833.0,58.35616438356165
5261239.0,99.17808219178083
4596493.0,12.054794520547945
4310055.0,49.04109589041096
3720429.0,88.4931506849315
6956301.0,46.57534246575342
6750430.0,9.04109589041096
8373664.0,97.26027397260275
6783394.0,69.86301369863014
9332620.0,25.47945205479452
6727846.0,51.78082191780822
1321090.0,81.0958904109589
10170744.0,99.72602739726028
8503720.0,21.91780821917808
6780670.0,100.0
9370738.0,72.32876712328768
1060467.0,100.0
9516743.0,5.7534246575342465
6240501.0,3.0136986301369864
8150145.0,23.28767123287671
8967776.0,14.246575342465754
10000273.0,94.79452054794521
9679301.0,46.3013698630137
8690491.0,18.904109589041095
7678064.0,47.397260273972606
7798575.0,0.547945205479452
4988679.0,24.383561643835616
6093756.0,100.0
7921289.0,29.863013698630137
10108451.0,2.191780821917808
8117705.0,4.657534246575342
4324917.0,96.98630136986301
5061566.0,79.72602739726027
8575663.0,38.9041095890411
8518308.0,84.38356164383562
3562617.0,50.95890410958904
7109735.0,44.109589041095894
8501721.0,100.0
5306727.0,20.273972602739725
909102.0,96.16438356164385
8608525.0,38.9041095890411
170273.0,100.0
7075913.0,27.397260273972602
481220.0,98.08219178082192
6961346.0,87.12328767123287
9975073.0,0.0
6517594.0,54.52054794520548
10170577.0,100.0
7680670.0,1.095890410958904
5946675.0,98.35616438356163
7162664.0,75.34246575342466
6901218.0,52.32876712328767
4951430.0,93.15068493150685
7202016.0,98.63013698630137
5538663.0,0.0
363064.0,49.04109589041096
7809595.0,90.95890410958904
9094836.0,100.0
3039438.0,26.575342465753426
8847979.0,19.726027397260275
4047399.0,25.47945205479452
66611.0,98.35616438356163
7279669.0,41.64383561643836
9716348.0,2.4657534246575343
9887142.0,19.17808219178082
7007118.0,92.6027397260274
5325809.0,15.890410958904111
6342327.0,0.0
555182.0,100.0
6729818.0,50.41095890410959
66540.0,100.0
8098383.0,83.56164383561644
5930473.0,71.78082191780823
47491.0,45.47945205479452
447523.0,100.0
3961077.0,49.04109589041096
52525.0,100.0
6811792.0,74.52054794520548
7619727.0,33.42465753424658
270370.0,18.904109589041095
7221204.0,23.56164383561644
6495424.0,97.26027397260275
2737038.0,91.23287671232877
9034515.0,45.75342465753425
8147215.0,55.06849315068493
6376952.0,25.753424657534246
10319529.0,0.273972602739726
3613516.0,24.10958904109589
8780704.0,94.79452054794521
9714078.0,0.273972602739726
1593991.0,100.0
6239108.0,100.0
2303981.0,42.465753424657535
5104077.0,90.68493150684932
7434103.0,59.45205479452055
8233110.0,98.9041095890411
6438099.0,88.76712328767124
7650458.0,76.71232876712328
7219541.0,16.986301369863014
4092037.0,52.602739726027394
475361.0,98.08219178082192
6327662.0,72.6027397260274
9679741.0,15.890410958904111
2630912.0,73.15068493150685
6629657.0,100.0
1340668.0,100.0
8474584.0,93.15068493150685
9460991.0,100.0
7066118.0,93.97260273972603
4681885.0,100.0
9154462.0,5.47945205479452
3689416.0,24.383561643835616
3263722.0,48.76712328767123
5309974.0,5.47945205479452
1793138.0,78.35616438356165
8371720.0,100.0
8310249.0,100.0
8310398.0,100.0
158345.0,98.63013698630137
173896.0,97.53424657534246
6759038.0,100.0
9138923.0,96.43835616438356
6018416.0,72.05479452054794
1777158.0,78.35616438356165
5364414.0,77.8082191780822
1856253.0,99.17808219178083
6994406.0,61.09589041095891
1488166.0,100.0
463768.0,65.20547945205479
4334804.0,85.2054794520548
9331145.0,8.767123287671232
7389248.0,91.23287671232877
1022135.0,99.72602739726028
1219691.0,78.35616438356165
7969698.0,30.136986301369863
7403174.0,15.616438356164384
7368599.0,94.52054794520548
1692318.0,20.0
5950957.0,100.0
315120.0,99.45205479452055
3925572.0,100.0
5308339.0,0.0
8426749.0,92.05479452054794
107962.0,10.136986301369863
9220485.0,16.164383561643834
8446541.0,96.98630136986301
9675736.0,41.0958904109589
7534812.0,84.38356164383562
7839723.0,1.36986301369863
3209964.0,100.0
5607404.0,100.0
6103108.0,100.0
9938792.0,95.06849315068493
1851863.0,80.54794520547945
8130015.0,27.397260273972602
8957312.0,99.72602739726028
2426152.0,0.0
7826447.0,95.8904109589041
9595087.0,84.38356164383562
8524565.0,27.123287671232877
1561256.0,97.80821917808218
2686624.0,12.876712328767123
2897897.0,67.67123287671232
7748349.0,51.78082191780822
704477.0,24.10958904109589
8411627.0,48.76712328767123
7559939.0,100.0
8870139.0,92.05479452054794
7198282.0,95.8904109589041
7441508.0,100.0
5882923.0,92.6027397260274
6445769.0,21.36986301369863
3959460.0,43.28767123287671
7974112.0,100.0
320704.0,100.0
3250577.0,100.0
8053049.0,27.945205479452056
7349099.0,16.986301369863014
5022572.0,84.93150684931507
10191917.0,10.136986301369863
5123904.0,0.0
2471731.0,100.0
7803176.0,96.98630136986301
4318814.0,100.0
4187961.0,99.17808219178083
7161897.0,8.493150684931507
8611952.0,59.178082191780824
5805907.0,15.890410958904111
5433597.0,99.72602739726028
7968548.0,100.0
4638785.0,98.08219178082192
4104442.0,100.0
3883041.0,100.0
8441477.0,93.69863013698631
6119785.0,25.205479452054796
103466.0,98.35616438356163
8168876.0,90.68493150684932
2557712.0,60.0
3238295.0,40.821917808219176
4784639.0,100.0
4403171.0,100.0
1133329.0,15.890410958904111
2723368.0,92.6027397260274
7420762.0,21.643835616438356
4947002.0,99.17808219178083
3209633.0,98.08219178082192
4395502.0,100.0
6992387.0,100.0
9068419.0,90.95890410958904
5029665.0,4.931506849315069
9229043.0,99.72602739726028
4084398.0,61.917808219178085
6577729.0,95.06849315068493
9199082.0,10.684931506849315
7970663.0,24.383561643835616
2858482.0,46.57534246575342
9715029.0,81.64383561643835
7748866.0,24.383561643835616
9739482.0,99.17808219178083
5078129.0,24.383561643835616
2808357.0,0.0
6543677.0,20.273972602739725
202251.0,100.0
8402434.0,30.684931506849317
6438518.0,95.06849315068493
5444457.0,100.0
7574864.0,7.397260273972603
2969955.0,67.67123287671232
9473312.0,16.43835616438356
254340.0,100.0
496074.0,100.0
9217337.0,99.72602739726028
4130102.0,29.315068493150687
1256892.0,98.9041095890411
9348375.0,8.21917808219178
4598160.0,46.3013698630137
6127974.0,46.3013698630137
748526.0,97.80821917808218
3908378.0,28.493150684931507
2868006.0,34.24657534246575
5683646.0,93.42465753424658
2762241.0,100.0
4760181.0,24.383561643835616
4287974.0,48.76712328767123
48848.0,47.12328767123288
9999759.0,16.71232876712329
3774113.0,100.0
8227710.0,83.28767123287672
23919.0,86.84931506849315
7698721.0,100.0
7872818.0,42.465753424657535
8289871.0,100.0
1737244.0,100.0
1429904.0,94.24657534246576
9074837.0,67.67123287671232
4278896.0,97.80821917808218
4016079.0,40.0
7389950.0,97.80821917808218
3529563.0,100.0
8612922.0,49.04109589041096
7564942.0,35.61643835616438
5228066.0,85.47945205479452
8150045.0,15.342465753424658
3413183.0,100.0
3123041.0,97.53424657534246
2492143.0,100.0
6714652.0,100.0
6678058.0,97.80821917808218
1696194.0,98.9041095890411
9352778.0,79.17808219178082
2720963.0,100.0
6591879.0,99.72602739726028
10023353.0,61.09589041095891
8207987.0,100.0
3971346.0,99.17808219178083
3382533.0,95.61643835616438
8943821.0,14.520547945205479
4485424.0,50.41095890410959
7227464.0,93.42465753424658
2958318.0,0.547945205479452
4066344.0,100.0
8012443.0,100.0
8094338.0,100.0
5096363.0,98.08219178082192
1980283.0,92.32876712328768
2761092.0,98.9041095890411
4163204.0,100.0
1145148.0,83.01369863013699
7039427.0,88.76712328767124
7527242.0,68.21917808219177
8286095.0,95.8904109589041
9238818.0,100.0
3025456.0,96.16438356164385
6888107.0,99.72602739726028
3242605.0,8.767123287671232
6118198.0,98.35616438356163
189156.0,15.068493150684931
6990677.0,97.80821917808218
8194886.0,0.0
8645226.0,18.904109589041095
859467.0,92.6027397260274
9096972.0,18.08219178082192
1246117.0,23.835616438356162
7665415.0,67.94520547945206
8583457.0,96.7123287671233
146301.0,89.58904109589041
677266.0,99.72602739726028
9419.0,100.0
1950012.0,25.47945205479452
9508837.0,92.6027397260274
226677.0,99.72602739726028
7256122.0,96.7123287671233
6765354.0,23.835616438356162
3303376.0,74.52054794520548
10060388.0,15.890410958904111
8570596.0,96.43835616438356
4589654.0,99.72602739726028
7843145.0,90.68493150684932
8194164.0,100.0
4252591.0,100.0
6810430.0,79.72602739726027
902609.0,89.86301369863014
696004.0,100.0
4824581.0,98.9041095890411
72743.0,99.72602739726028
6019762.0,63.561643835616444
6133684.0,100.0
4182732.0,100.0
6479027.0,46.849315068493155
2508065.0,83.01369863013699
8089781.0,35.61643835616438
7692789.0,100.0
8136553.0,100.0
1042022.0,97.53424657534246
8863714.0,10.41095890410959
4557204.0,0.0
6644760.0,85.47945205479452
8764748.0,98.63013698630137
9342299.0,100.0
4464542.0,25.753424657534246
3817141.0,83.28767123287672
2103939.0,22.19178082191781
8387068.0,80.82191780821918
5249067.0,84.38356164383562
7620570.0,100.0
6993726.0,0.0
9463491.0,100.0
6908161.0,80.27397260273973
9169270.0,21.36986301369863
7940358.0,35.06849315068493
4632923.0,74.52054794520548
2764126.0,83.01369863013699
4710866.0,97.80821917808218
3994601.0,95.06849315068493
7873208.0,77.53424657534246
3811828.0,97.80821917808218
7873345.0,98.08219178082192
3811930.0,98.08219178082192
2670365.0,44.38356164383562
4225225.0,100.0
5728135.0,24.383561643835616
1818768.0,22.73972602739726
8689375.0,98.9041095890411
9509695.0,6.027397260273973
9156273.0,100.0
6185083.0,100.0
5738982.0,71.78082191780823
8969737.0,14.246575342465754
2500188.0,100.0
3416590.0,100.0
6074312.0,41.917808219178085
9696950.0,100.0
9920856.0,100.0
2268329.0,74.52054794520548
8868025.0,100.0
1049293.0,0.0
4401544.0,10.41095890410959
7275464.0,46.02739726027397
7823973.0,82.73972602739727
8507873.0,20.54794520547945
8131881.0,42.73972602739726
6592178.0,16.986301369863014
825574.0,88.76712328767124
194313.0,99.17808219178083
5470943.0,44.93150684931507
1547337.0,96.16438356164385
3932674.0,10.41095890410959
3811955.0,96.7123287671233
6911511.0,39.726027397260275
5040885.0,5.205479452054795
1633025.0,100.0
7492006.0,100.0
7368959.0,99.72602739726028
6934128.0,100.0
8409695.0,100.0
7050204.0,100.0
8926188.0,98.35616438356163
5297143.0,24.383561643835616
6228211.0,60.82191780821918
1815677.0,41.917808219178085
4388148.0,23.013698630136986
1432713.0,100.0
4454264.0,100.0
5164194.0,86.84931506849315
6066570.0,9.863013698630137
1880734.0,99.72602739726028
7127036.0,43.83561643835616
10248139.0,9.315068493150685
1974131.0,78.63013698630137
8306581.0,36.16438356164384
6627184.0,52.602739726027394
2211594.0,100.0
8613792.0,19.726027397260275
2367298.0,100.0
7871885.0,45.47945205479452
7025898.0,99.72602739726028
722537.0,86.02739726027397
9435279.0,100.0
10135468.0,92.6027397260274
2882641.0,71.78082191780823
7805332.0,92.05479452054794
7584142.0,100.0
1307898.0,22.73972602739726
9435483.0,100.0
3446274.0,41.64383561643836
3041619.0,9.315068493150685
10139271.0,97.53424657534246
47196.0,95.34246575342465
8296857.0,79.72602739726027
8845144.0,100.0
5969069.0,73.6986301369863
9368677.0,23.56164383561644
6837338.0,10.41095890410959
6865696.0,100.0
6591894.0,96.43835616438356
3773784.0,48.76712328767123
10318171.0,99.72602739726028
3666970.0,98.63013698630137
3994634.0,94.24657534246576
8090541.0,30.684931506849317
7222136.0,99.72602739726028
299817.0,100.0
5927083.0,100.0
6066185.0,60.273972602739725
5685908.0,24.383561643835616
9023202.0,13.424657534246576
707424.0,98.08219178082192
7151093.0,100.0
8924032.0,16.986301369863014
1002835.0,100.0
8670484.0,100.0
9727246.0,99.72602739726028
2526405.0,43.83561643835616
4710869.0,96.43835616438356
3504521.0,16.986301369863014
6637899.0,67.12328767123287
3811872.0,96.16438356164385
3720731.0,100.0
3926008.0,93.97260273972603
9863565.0,100.0
7824426.0,99.72602739726028
2778101.0,100.0
10019082.0,24.383561643835616
6586979.0,98.08219178082192
9618016.0,4.10958904109589
442487.0,66.3013698630137
8457402.0,93.97260273972603
2297917.0,95.8904109589041
1920477.0,96.43835616438356
7860837.0,18.08219178082192
5304739.0,76.16438356164383
8051134.0,98.35616438356163
1557314.0,100.0
451012.0,4.657534246575342
6797786.0,100.0
2474569.0,100.0
689309.0,87.12328767123287
5059981.0,89.86301369863014
3986793.0,15.616438356164384
1594313.0,73.15068493150685
4936647.0,84.38356164383562
1594219.0,73.15068493150685
8799588.0,98.9041095890411
7662775.0,24.383561643835616
490076.0,48.21917808219178
9217030.0,99.45205479452055
7756839.0,67.3972602739726
116221.0,67.94520547945206
6921373.0,90.95890410958904
7743727.0,33.15068493150685
649243.0,100.0
2989758.0,20.54794520547945
4518474.0,98.08219178082192
1796302.0,6.8493150684931505
53803.0,84.38356164383562
6867053.0,75.89041095890411
9693230.0,6.301369863013699
6750264.0,0.0
6392029.0,39.178082191780824
2731253.0,97.53424657534246
5625964.0,0.0
38545.0,97.80821917808218
8699046.0,18.356164383561644
9174327.0,17.534246575342465
6169489.0,62.19178082191781
9511777.0,2.191780821917808
3489837.0,100.0
5905958.0,34.794520547945204
3768742.0,100.0
1593939.0,100.0
6087451.0,96.43835616438356
6179956.0,30.41095890410959
10060674.0,0.821917808219178
9822848.0,1.36986301369863
2391699.0,86.02739726027397
1118153.0,92.05479452054794
1100686.0,95.06849315068493
9925458.0,100.0
1146966.0,19.17808219178082
2525172.0,93.42465753424658
8463726.0,95.34246575342465
51826.0,100.0
7805491.0,100.0
7701014.0,97.53424657534246
1279660.0,96.7123287671233
5252877.0,98.08219178082192
935845.0,7.671232876712329
3844087.0,98.08219178082192
6923948.0,47.12328767123288
7178239.0,82.73972602739727
2075094.0,100.0
5892185.0,89.04109589041096
7596455.0,100.0
9513636.0,99.72602739726028
5992032.0,100.0
3534444.0,0.0
8080939.0,98.63013698630137
5525073.0,75.34246575342466
5402304.0,50.95890410958904
6288141.0,97.53424657534246
1781723.0,4.383561643835616
2061463.0,33.97260273972603
4871348.0,20.82191780821918
7616031.0,90.41095890410958
7761509.0,14.246575342465754
6516775.0,100.0
5848330.0,99.72602739726028
9189391.0,100.0
9533803.0,4.10958904109589
5902452.0,99.45205479452055
219532.0,63.83561643835617
7217102.0,100.0
2727808.0,94.79452054794521
7151417.0,100.0
7069143.0,26.575342465753426
8683011.0,95.06849315068493
4357979.0,85.47945205479452
8118110.0,24.383561643835616
5766989.0,98.08219178082192
8306501.0,86.3013698630137
4349344.0,88.76712328767124
8633733.0,75.06849315068493
7396707.0,100.0
394408.0,46.02739726027397
8412143.0,98.63013698630137
5728739.0,98.63013698630137
3931571.0,44.657534246575345
3899160.0,20.0
8428825.0,22.73972602739726
3554558.0,93.97260273972603
3931346.0,100.0
4250749.0,95.61643835616438
6290509.0,95.06849315068493
2693700.0,98.08219178082192
7857241.0,33.15068493150685
8009814.0,99.72602739726028
3963320.0,100.0
6289789.0,97.80821917808218
1513847.0,95.8904109589041
6183721.0,97.26027397260275
5061411.0,66.84931506849315
3594959.0,96.43835616438356
637710.0,92.05479452054794
8968494.0,14.246575342465754
1702092.0,100.0
5781547.0,96.16438356164385
7821351.0,33.42465753424658
6937071.0,46.849315068493155
3258386.0,100.0
6592421.0,92.32876712328768
3143175.0,80.54794520547945
4322622.0,20.0
9262389.0,10.136986301369863
6043482.0,64.93150684931507
8632651.0,71.23287671232876
6107901.0,76.98630136986301
4993710.0,100.0
7853498.0,14.246575342465754
430609.0,98.9041095890411
7646637.0,100.0
1069562.0,24.383561643835616
119103.0,97.26027397260275
8687967.0,100.0
282934.0,10.136986301369863
5787922.0,96.43835616438356
8081658.0,100.0
3898413.0,95.8904109589041
7009282.0,100.0
9196007.0,3.8356164383561646
4100009.0,13.424657534246576
4738971.0,85.2054794520548
692671.0,75.89041095890411
5893969.0,0.821917808219178
215954.0,100.0
2494157.0,69.86301369863014
7745196.0,95.06849315068493
4645405.0,98.35616438356163
2755730.0,91.78082191780823
7949448.0,48.76712328767123
9288840.0,9.315068493150685
3312406.0,93.42465753424658
6621924.0,24.383561643835616
5673552.0,72.6027397260274
609701.0,84.10958904109589
10118341.0,0.547945205479452
2614387.0,92.6027397260274
7735100.0,73.6986301369863
5482204.0,75.34246575342466
4524575.0,23.28767123287671
8562314.0,67.67123287671232
9698202.0,89.86301369863014
7178490.0,98.08219178082192
8054902.0,90.13698630136986
5458027.0,29.863013698630137
4940491.0,89.04109589041096
1844791.0,80.54794520547945
6120046.0,100.0
262764.0,62.19178082191781
8578490.0,60.54794520547945
3383329.0,78.63013698630137
8101950.0,8.767123287671232
8902327.0,74.79452054794521
10267360.0,24.10958904109589
9604740.0,49.04109589041096
10208623.0,1.9178082191780823
